UID,CreateDate,ApplicationUID,WorkItemUID,CheckItemUID,OrderIndex,ID,NID,WorkItemName,CheckItemName,CheckRule,StandardValue,FillValue,關聯段落(k=1),規範序號,規範章碼,規範章名,溯源檔案格式,溯源頁碼,相關性分數(cosin distance),分類/錯誤代碼,Result,Memo,檢查,檢查備註,
297B67CA-8280-4230-BF4E-DA7CC1F981F1,2022/10/28 14:53,0ACD22BC-85CD-49D4-91CF-C6829ECB8A20,ACE3D9B6-2BFB-4BD6-96D4-08FEAC33D0B6,89F1C46E-7F14-411B-B0CD-EBFBE557C599,4018,1,1,全套管基樁,混凝土施工作業安全,預拌混凝土車爬坡前路徑採鋼板加設鋼條鋪設。 ,預拌混凝土車爬坡前路徑採鋼板加設鋼條鋪設。 ,已加設鋼條,"(6) 舖築瀝青混凝土路面層時，應依道路主管機關瀝青混凝土路面工程
施工說明書之規定辦理。  
(7) 使用CLSM回填範圍內，應無鋼筋及其他預埋鐵件，以免銹蝕。",78,02584,交控土木管道,pdf,12,101,0,0,,x,,
3DEF3534-5085-4B82-9D28-ECAB4EB58194,2022/10/28 14:53,0ACD22BC-85CD-49D4-91CF-C6829ECB8A20,ACE3D9B6-2BFB-4BD6-96D4-08FEAC33D0B6,8FB72D49-A4E4-414C-9505-5284F2959DB3,4017,2,2,全套管基樁,混凝土施工作業安全,告知預拌混凝土車駕駛工區環境及輪擋高度是否高於19公分以上。,告知預拌混凝土車駕駛工區環境及輪擋高度是否高於19公分以上。,26 cm,"(2) 工程完工後，工地混凝土拌和廠，承包商應負責拆除並清理場地，恢復
原有地貌。  
(3) 工地混凝土拌和廠應考慮廠內各類施工機具與出入車輛之噪音、振動防
制與防塵措施。  
(4) 採用預拌車運送混凝土時，應規劃適當之車流動線，並避免不必要之引
擎空轉。",34,01572,環境保護,pdf,12,153,0,0,,x,,
9DF63734-EF37-4451-850A-50065E7C86E3,2022/10/28 14:53,0ACD22BC-85CD-49D4-91CF-C6829ECB8A20,ACE3D9B6-2BFB-4BD6-96D4-08FEAC33D0B6,5E7C9D92-E091-4707-A679-70897F39D9E9,4016,3,3,全套管基樁,混凝土施工作業安全,預拌混凝土車駕駛可與指揮者充分聯繫。,預拌混凝土車駕駛可與指揮者充分聯繫。,可充分聯繫,"(2) 工程完工後，工地混凝土拌和廠，承包商應負責拆除並清理場地，恢復
原有地貌。  
(3) 工地混凝土拌和廠應考慮廠內各類施工機具與出入車輛之噪音、振動防
制與防塵措施。  
(4) 採用預拌車運送混凝土時，應規劃適當之車流動線，並避免不必要之引
擎空轉。",34,01572,環境保護,pdf,12,150,0,0,,x,,
6D97BD22-ED3F-4E64-AAAA-ABD7A00FB323,2022/10/28 14:53,0ACD22BC-85CD-49D4-91CF-C6829ECB8A20,ACE3D9B6-2BFB-4BD6-96D4-08FEAC33D0B6,9D186A97-FAF3-4479-ABF7-E1A014B0BFFD,4015,4,4,全套管基樁,混凝土施工作業安全,指揮人員站立於安全區域指揮，預拌混凝土車倒車未確認定位及完全停止前，禁止非指揮人員進入搖管機平台。,指揮人員站立於安全區域指揮，預拌混凝土車倒車未確認定位及完全停止前，禁止非指揮人員進入搖管機平台。,指揮人員：黃育倫,"(2) 工程完工後，工地混凝土拌和廠，承包商應負責拆除並清理場地，恢復
原有地貌。  
(3) 工地混凝土拌和廠應考慮廠內各類施工機具與出入車輛之噪  音、振動防
制與防塵措施。  
(4) 採用預拌車運送混凝土時，應規劃適當之車流動線，並避免不必要之引
擎空轉。",34,01572,環境保護,pdf,12,109,0,0,,x,,
B4E83281-5D31-4681-A35A-79ABFF060896,2022/10/28 14:53,0ACD22BC-85CD-49D4-91CF-C6829ECB8A20,ACE3D9B6-2BFB-4BD6-96D4-08FEAC33D0B6,FE964CE0-3250-4F2B-8193-2924CB7806B2,4014,5,5,全套管基樁,混凝土施工作業安全,車輛機械應裝設倒車或迴轉式警示燈及蜂鳴器，並禁止人員進入作業半徑。,車輛機械應裝設倒車或迴轉式警示燈及蜂鳴器，並禁止人員進入作業半徑。,警示圈圍,"(九). 預先規劃車輛運送路線，大構件與小構件分別裝車運送。  
(十). 設警告標誌 '禁止非工作人員進入機械操作半徑範園。車輛及機 架運轉
時需有指揮人員指揮作業。",12,01523,施工安全衛生及管理,pdf,19,99,0,0,,△,"少警示燈或蜂鳴器
蜂鳴器與警示燈在
12page19(十一)
",
D8251A7F-95FE-4326-BE44-E7BCB2D2F167,2021/7/10 16:01,1DAB4F11-BCE8-429E-BD62-6BB33A02AC1C,ACE3D9B6-2BFB-4BD6-96D4-08FEAC33D0B6,130CC8D9-BE03-43EE-8738-E4F40E7E10DF,4010,7932,6,全套管基樁,混凝土施工作業安全,混凝土輸送管之接頭套環及臂桿外觀應無損傷或變形。,混凝土輸送管之接頭套環及臂桿外觀應無損傷或變形。,符合,"3.2.2  預力混凝土用螺旋套管  
(1) 相鄰套管間及與端錨之接頭應緊密，絕不可漏漿或受力脫開，並應作水
密性試驗。接頭處應為螺旋式，其搭接長度應為內徑之 1.5 倍以上，且
不得接成折線，安裝時應注意不得損及套管。",125,03231,預力鋼腱及端錨(R),pdf,6,110,0,0,,x,,
E2043670-F060-4194-A6E2-6BC63C1F3F78,2022/10/28 14:53,0ACD22BC-85CD-49D4-91CF-C6829ECB8A20,ACE3D9B6-2BFB-4BD6-96D4-08FEAC33D0B6,BD62830E-B16A-4B4D-8325-4E0DDDDF6660,4013,6,7,全套管基樁,搖管機具與週邊設施,移動式起重機作業時應保持吊車操作、吊掛、作業人員及監看人員現場通視原則,移動式起重機作業時應保持吊車操作、吊掛、作業人員及監看人員現場通視原則,現場可通視,"(四). 起重機於吊運設備標示吊升荷重範圍內作業，吊掛作業半徑以交通錐、
連桿和警示帶等設置管制區，嚴禁人員進入。管制區外並設明顯警告
標示。  
(五).吊掛作業中指派監視人員與吊掛作業手 配戴哨子，在場監視吊掛作業，
若有人員靠近吊掛作業區 即予吹哨警示並驅離。",12,01523,施工安全衛生及管理,pdf,18,79,0,0,,x,,
13AEE059-D8C8-4732-B5FC-A723BDF3E8D7,2022/10/28 14:53,0ACD22BC-85CD-49D4-91CF-C6829ECB8A20,ACE3D9B6-2BFB-4BD6-96D4-08FEAC33D0B6,C61B8BF8-AA2C-458C-BEEE-6348D674DF2A,4012,7,8,全套管基樁,搖管機具與週邊設施,吊車操作手在放入上套管，需用廣播器廣播周知。,吊車操作手在放入上套管，需用廣播器廣播周知。,以廣播器通知,"  
10.  上部
結構  引橋段支撐先進工法及邊橋段
場鑄懸、臂工法 ：重要的危害
風險在於工作車模版移動與混
凝土澆置，其共同點為施工中
載重傳遞，因此容易發生突發
性危害如工作車墜落等，對人
員安全、設備、工期影響甚大。  支撐先進及 鋼
構懸臂吊裝工
法移動等  可能危害： 
墜落、機具翻覆、物
料飛落、感電",18,0152F,工程安全風險資訊,pdf,3,126,0,0,,x,,
9F94D831-DE1B-441A-82C4-AE0201336279,2022/10/28 14:53,0ACD22BC-85CD-49D4-91CF-C6829ECB8A20,ACE3D9B6-2BFB-4BD6-96D4-08FEAC33D0B6,173E521E-C005-4724-AA8C-94E883348E02,4011,8,9,全套管基樁,搖管機具與週邊設施,作業手調整局部套管位置時，採用輔助工具進行調整。,作業手調整局部套管位置時，採用輔助工具進行調整。,符合,"(5) 高強度螺栓須使用旋緊器鎖緊之，如受場地限制無法工作時，得以手動
螺栓板手鎖緊之，並達規定之預強度。  
(6) 螺栓鎖緊之程序以上下、左右、交叉進行為原則，勿使相對之螺栓受影
響而鬆動。",144,05090,金屬接合,pdf,5,138,0,0,,x,,
F3CE4DA4-926A-40BB-995E-EDDA254D21FB,2022/10/28 14:53,0ACD22BC-85CD-49D4-91CF-C6829ECB8A20,ACE3D9B6-2BFB-4BD6-96D4-08FEAC33D0B6,BFC6AB94-E6A1-4015-A8C5-9078FCFB9C86,4010,9,10,全套管基樁,搖管機具與週邊設施,作業手調整局部套管位置時之輔助工具，放置於搖管機上；輔助工具用顏色識別。,作業手調整局部套管位置時之輔助工具，放置於搖管機上；輔助工具用顏色識別。,符合,"1.4.4 施工圖  
標示包括其他標提供之下列各項完整的設備安裝詳圖。  
(1) 安裝設備的基礎台。  
(2) 基礎螺栓之位置。  
(3) 安裝之方法，包括減振墊片，並標示出調整和準線之位置。  
(4) 管線佈置和設備包括固定架支架及導桿。  
1.4.5 樣品  
應提供下列各型之樣品",176,15050,機械基本材料及施工方法,pdf,2,149,0,0,,x,同9,
D159557F-46AB-4DF3-9663-C73AA8749199,2022/10/28 14:53,0ACD22BC-85CD-49D4-91CF-C6829ECB8A20,ACE3D9B6-2BFB-4BD6-96D4-08FEAC33D0B6,C8B85F12-2ACB-4D05-B81D-B025F4FD7E5D,4009,10,11,全套管基樁,起重機具作業安全,應設置監視人員專人指揮監看。 監視人員:___,應設置監視人員專人指揮監看。 監視人員:___,監視人員：黃育倫,3.16.6  承包商必須明列安全作業監看人員名冊及其職責、職能 (受訓合格之相關專業訓練)，報請監造單位備查。為確保勞工施工安全，起重機機具吊掛作業時，必須增設安全作業監看人員，監看人員不進入交通錐及連桿圈圍之範圍內，並協助吊掛手指揮監看周遭環 境及制止勞工不安全行為。,35,01574,職業安全衛生(10905修正),pdf,16,139,2,0,,o,,
D4572771-9820-4BD4-B569-329CA9B0BEA9,2022/10/28 14:53,0ACD22BC-85CD-49D4-91CF-C6829ECB8A20,ACE3D9B6-2BFB-4BD6-96D4-08FEAC33D0B6,AD5DE54C-5B28-48B2-9E07-C32DAF66975C,4008,11,12,全套管基樁,起重機具作業安全,過負荷警報裝置正常。,過負荷警報裝置正常。,正常,"(3) 移動式起重機應具備 1機3證(移動式起重機檢 查合格證、操作人員及從事吊掛作業人員安 衛訓練合格之結業詮書 )，除操作人員外，應至少隨車指派起重吊掛作業人員 1人(可兼任指揮人員 )。 
(4) 工作場所邊緣及閉口所設置之護欄，應符合營造安全衛生設施標準第20條所明示之定後強度能抵抗 75kg之荷重無顯著變形及各類材質尺寸之規定。惟特殊設計之工作架 台、工作車等護欄，經安全檢核無虞者不在此限。",12,01523,施工安全衛生及管理,pdf,11,171,0,0,,x,,
8C3A4294-81A7-4BEA-AE53-1A7430611A39,2022/10/28 14:53,0ACD22BC-85CD-49D4-91CF-C6829ECB8A20,ACE3D9B6-2BFB-4BD6-96D4-08FEAC33D0B6,51166870-2763-4683-95F9-1CF12D2D5D9F,4007,12,13,全套管基樁,起重機具作業安全,起重機具作業應規定指揮信號，並派專人負責。,起重機具作業應規定指揮信號，並派專人負責。,指揮人員：黃育倫,"7. 乙炔切割作業時，監火員需在場監視，並作必要之防範，監火員需經過訓練合格者擔任之。  
三. 起重機吊掛作業安全  
(一). 擬定起重機作業計畫 :建立自主安全檢核表、作業指揮紀錄及作業申報機制。",12,01523,施工安全衛生及管理,pdf,17,121,0,0,,x,page18(八)才對？,
2ADBEFBC-2817-47D3-ACCD-7B4E4AA36330,2022/10/28 14:53,0ACD22BC-85CD-49D4-91CF-C6829ECB8A20,ACE3D9B6-2BFB-4BD6-96D4-08FEAC33D0B6,22779DF6-BEAA-4906-8018-81CD352507DD,4006,13,14,全套管基樁,起重機具作業安全,不得使用已變形或已龜裂之吊鉤、鉤環、鏈環、吊鍊、鋼索，作為起重升降機具之吊掛用具。,不得使用已變形或已龜裂之吊鉤、鉤環、鏈環、吊鍊、鋼索，作為起重升降機具之吊掛用具。,符合，本季管制色紅色,"(九). 吊具檢查之結果，如有不合格者應更換合格之吊 架，吊耳之設置位置
及數量，應能確保吊掛之平衡。且具有足夠之強度，無吊物脫落之虞。  
(十).禁止人員進入有發生 碰撞危害之處之範園內，吊掛作業手掛好吊鉤後，離開吊掛作業區，以防遭吊物碰撞。",12,01523,施工安全衛生及管理,pdf,18,95,0,0,,o,,
0099D805-254B-4997-88D0-214D841C7898,2022/10/28 14:53,0ACD22BC-85CD-49D4-91CF-C6829ECB8A20,ACE3D9B6-2BFB-4BD6-96D4-08FEAC33D0B6,EB1FCE78-AE66-494F-9A36-4463EC521366,4005,14,15,全套管基樁,起重機具作業安全,起重機具之吊鉤或吊具，為防止與吊架或捲揚胴接觸碰撞，應有過捲揚設備。,起重機具之吊鉤或吊具，為防止與吊架或捲揚胴接觸碰撞，應有過捲揚設備。,符合，本季管制色紅色,"(六). 作業如有侵入道路依規定實施交維淨空。  
(七). 起重機設置防滑舌片，過捲防止裝置及過負荷警告裝置，使吊架與吊
架或捲揚裝置保持適當距離。  
(入). 統一指揮信號並由吊掛手指揮，採平衡吊掛，禁止人員進入吊舉物下
方，且需將材料推放整齊。",12,01523,施工安全衛生及管理,pdf,18,69,0,0,,o,"職業安全衛生設施規則
(91條)？",
7EFB3E86-7A8F-4777-8359-9E8064FE247D,2022/10/28 14:53,0ACD22BC-85CD-49D4-91CF-C6829ECB8A20,ACE3D9B6-2BFB-4BD6-96D4-08FEAC33D0B6,ECD9AB1C-0425-4DE0-BE9E-502280D6BAD3,4004,15,16,全套管基樁,起重機具作業安全,起重機具之吊鉤或吊具應防止所吊物體脫落之裝置。,起重機具之吊鉤或吊具應防止所吊物體脫落之裝置。,符合，本季管制色紅色,"6. 支撐架或工作車應設置制動停止裝置，以利推進時失控之制動。  
7. 工作車千斤頂之墊片或墊塊，應採取繫固措施，以防止滑脫位 移。 
(五)橋梁支撐 鋼構架吊裝、拆除作業  
1. 危險性機械或設備，應經檢查機構檢查合格才得使用。",12,01523,施工安全衛生及管理,pdf,23,127,0,0,,x,,
F5FE1E95-E9BB-4B41-A137-96DAFE740AB9,2022/10/28 14:53,0ACD22BC-85CD-49D4-91CF-C6829ECB8A20,ACE3D9B6-2BFB-4BD6-96D4-08FEAC33D0B6,06A985A0-1712-4CE2-B7D2-6C009F62B8F4,4003,16,17,全套管基樁,起重機具作業安全,3噸以上移動式起重機1機3證應符合安全規則全部備齊，輪型全吊式起重機需有行駛公路臨時通行證。移動式起重機應備置滅火器、蜂鳴器。機載型起重機應有視野輔助系統及行車紀錄器。 操作手:___ 吊掛手:___ ,3噸以上移動式起重機1機3證應符合安全規則全部備齊，輪型全吊式起重機需有行駛公路臨時通行證。移動式起重機應備置滅火器、蜂鳴器。機載型起重機應有視野輔助系統及行車紀錄器。 操作手:___ 吊掛手:___ ,操作手：蔡長祿 吊掛手：陳文章,"(3) 移動式起重機應具備 1機3證(移動式起重機檢 查合格證、操作人員及
從事吊掛作業人員安 衛訓練合格之結業詮書 )，除操作人員外，應至少
隨車指派起重吊掛作業人員 1人(可兼任指揮人員 )。 
(4) 工作場所邊緣及閉口所設置之護欄，應符合營造安全衛生設施標準第
20條所明示之 定後強度能抵抗 75kg之荷重無顯著變形及各類材質 尺
寸之規定。惟特殊設計之工作架 台、工作車等護欄，經安全檢核無虞
者不在此限。",12,01523,施工安全衛生及管理,pdf,11,65,2,0,,△,"少蜂鳴器部分
12page19(十一)",
A31582E3-BEC2-4055-B14C-EECBC706777D,2022/10/28 14:53,0ACD22BC-85CD-49D4-91CF-C6829ECB8A20,ACE3D9B6-2BFB-4BD6-96D4-08FEAC33D0B6,3E2859F8-0E6F-459B-B96B-02F2E5E745EA,4002,17,18,全套管基樁,起重機具作業安全,起重機具應於運轉時採取防止吊掛物通過人員上方及人員進入吊掛物下方之設備或措施。,起重機具應於運轉時採取防止吊掛物通過人員上方及人員進入吊掛物下方之設備或措施。,警示圈圍,"9. 對於起重機 架之運轉，應於運 轉時採取防止吊掛物通過人員上方 及
人員進入吊掛物下方之設備或措施。  
10. 車輛營建機械作業時，禁止人員 (駕駛者等依規定就位者除外 )進入
操作半徑內或附近有危險之虞之場所。",12,01523,施工安全衛生及管理,pdf,23,70,0,0,,o,,
1E16E685-8CF7-4DED-B596-7F9CDD5E660C,2022/5/18 17:27,DDFB7B87-9BC9-4B52-A7F4-D2A5E4867352,ACE3D9B6-2BFB-4BD6-96D4-08FEAC33D0B6,06A985A0-1712-4CE2-B7D2-6C009F62B8F4,4003,1826,19,全套管基樁,起重機具作業安全,3噸以上移動式起重機1機3證應符合安全規則全部備齊，輪型全吊式起重機需有行駛公路臨時通行證。移動式起重機應備置滅火器、蜂鳴器。機載型起重機應有視野輔助系統及行車紀錄器。,3噸以上移動式起重機1機3證應符合安全規則全部備齊，輪型全吊式起重機需有行駛公路臨時通行證。移動式起重機應備置滅火器、蜂鳴器。機載型起重機應有視野輔助系統及行車紀錄器。,履帶式012MU01123 操作手：楊坤龍 吊掛手：趙育成 滅火器*1,"  
(3) 移動式起重機應具備 1機3證(移動式起重機檢 查合格證、操作人員及
從事吊掛作業人員安 衛訓練合格之結業詮書 )，除操作人員外，應至少
隨車指派起重吊掛作業人員 1人(可兼任指揮人員 )。 
(4) 工作場所邊緣及閉口所設置之護欄，應符合營造安全衛生設施標準第
20條所明示之 定後強度能抵抗 75kg之荷重無顯著變形及各類材質 尺
寸之規定。惟特殊設計之工作架 台、工作車等護欄，經安全檢核無虞
者不在此限。",12,01523,施工安全衛生及管理,pdf,11,71,0,0,,△,"同18
少滅火器部分
35page15-3.16.2-(7)
少蜂鳴器部分
12page19(十一)",
22C66482-2E08-46AB-BB91-B76FAEB6A61A,2022/1/20 14:27,08C0EF11-7A76-4F1B-B615-C3873C62CD41,ACE3D9B6-2BFB-4BD6-96D4-08FEAC33D0B6,06A985A0-1712-4CE2-B7D2-6C009F62B8F4,4003,4933,20,全套管基樁,起重機具作業安全,3噸以上移動式起重機1機3證應符合安全規則全部備齊。,3噸以上移動式起重機1機3證應符合安全規則全部備齊。,操作手：林明儒 吊掛手：霍宏明 監視人員：林世杰,"3.16.3 起重機 具應具備 1機3證（移動式起重機檢查合格證、操作人員及從事吊掛
作業人員之安衛訓練結業證書） ，除操作人員外，應至少隨車指派起重吊 掛作
業人員 1人（可兼任指揮人員） 。",35,01574,職業安全衛生(10905修正),pdf,16,104,0,0,,o,同18,
56362E4C-D2C4-45E5-B720-C72772B10984,2021/7/10 16:01,1DAB4F11-BCE8-429E-BD62-6BB33A02AC1C,ACE3D9B6-2BFB-4BD6-96D4-08FEAC33D0B6,88E33F85-EB8D-4248-A13C-31BA8E8651B7,4006,7936,21,全套管基樁,起重機具作業安全,且吊鍊延伸長度不得超過5%，斷面直徑不得減少10%；鋼索不得一橪間10%截斷，直徑不得減少公稱直徑7%及扭結者。,且吊鍊延伸長度不得超過5%，斷面直徑不得減少10%；鋼索不得一橪間10%截斷，直徑不得減少公稱直徑7%及扭結者。,符合,"(3) 吊車、起重機具之操作手及配合人員應有一定之運轉指揮信號。  
(4) 凡有下列所述狀況之鋼索均不得用於工地。  
A.鋼索一撚間有 10%以上素線截斷者。  
B.直徑減少達公稱直徑 7%以上者。  
C.有顯著變形或腐蝕者。  
D.已扭結者。",35,01574,職業安全衛生(10905修正),pdf,15,66,0,0,,△,少延伸長度,
0C45D20F-AF1F-4153-A745-146558AB3B65,2022/10/28 14:51,8218AF3F-8954-49EA-8366-74A271D5A8A1,ACE3D9B6-2BFB-4BD6-96D4-08FEAC33D0B6,1B0B840A-71A8-4B70-8859-D03AAC9EB75D,3006,18,22,全套管基樁,機具設備,施工機具人力配置照明設備充足。,施工機具人力配置照明設備充足。,充足,"(7) 施工構台及軌道梁  
A. 場區佈設應能容納整個節塊及吊運、組裝、檢驗、推進或其他施
工維護作業等所需空間。  
B. 場內須備有水、電、照明、銲接、檢驗、防火、空氣壓縮機等設
備，並備用發電機一台供停電時使用。",149,0512A,鋼橋節塊推進工法,pdf,5,180,0,0,,x,可能為12page16-(八)？,
A2AA33BA-1FA1-4C92-98A0-3B631F636D2B,2022/10/28 14:51,8218AF3F-8954-49EA-8366-74A271D5A8A1,ACE3D9B6-2BFB-4BD6-96D4-08FEAC33D0B6,74F1ABE1-FDF7-41CA-90AF-554EBA8870F3,3005,19,23,全套管基樁,機具設備,施工設備如設置於鬆軟地盤上者，襯以墊板、座鈑、或鋪設混凝土等。,施工設備如設置於鬆軟地盤上者，襯以墊板、座鈑、或鋪設混凝土等。,鋪設鐵板,"(4) 水平模板應按工作圖說所示，或依工程司之指示適量加拱，以抵消因混
凝土重量所產生之預期撓度。  
(5) 澆置混凝土之前應清除模板內雜物。  
(6) 支撐應垂直固立於堅實之基腳上，以襯以墊板、座板或敷設水泥等經工
程司同意之方式，防止支撐之沉陷。",116,03110,場鑄結構混凝土用模板,pdf,5,95,0,0,,x,,
6F0CDFBB-E292-4246-A9B5-08EB9F1CD536,2022/10/28 14:51,8218AF3F-8954-49EA-8366-74A271D5A8A1,ACE3D9B6-2BFB-4BD6-96D4-08FEAC33D0B6,47949D2F-1B87-42D4-A25A-F76C68BA37F6,3004,20,24,全套管基樁,機具設備,鋼筋籠堆置高度是否至地面起不超過兩層為限?,鋼筋籠堆置高度是否至地面起不超過兩層為限?,1層,"(一). 鋼材堆置場設於堅因之地面或鋪設鐵板 ，堆置場設置過當之墊襯及擋
樁。鋼筋籠堆放不得超過兩層。  
(二). 標示各鋼材構件，鋼材構件獨立分類存放，用纜索等加以 捆紮固定。
各堆鋼材之間應有適當之距離。",12,01523,施工安全衛生及管理,pdf,19,91,0,0,,o,,
AE3DE3FF-5CFA-4A40-8E33-CA2F334552DB,2022/10/28 14:51,8218AF3F-8954-49EA-8366-74A271D5A8A1,ACE3D9B6-2BFB-4BD6-96D4-08FEAC33D0B6,C2B63152-2BE0-479C-B6CC-012A4B1D5E80,3003,21,25,全套管基樁,機具設備,鋼筋籠是否堆放整齊，兩側設置側撐防止滾動?,鋼筋籠是否堆放整齊，兩側設置側撐防止滾動?,二側設置輪擋,"(一). 鋼材堆置場設於堅因之地面或鋪設鐵板 ，堆置場設置過當之墊襯及擋
樁。鋼筋籠堆放不得超過兩層。  
(二). 標示各鋼材構件，鋼材構件獨立分類存放，用纜索等加以 捆紮固定。
各堆鋼材之間應有適當之距離。",12,01523,施工安全衛生及管理,pdf,19,123,0,0,,x,,
293FEE84-99D6-41FF-BBF8-360451B35BAA,2022/10/28 14:51,8218AF3F-8954-49EA-8366-74A271D5A8A1,ACE3D9B6-2BFB-4BD6-96D4-08FEAC33D0B6,6CBC59A3-251E-4C05-B46C-A32AD15F7CF5,3002,22,26,全套管基樁,機具設備,電焊機設置有效之防止電擊裝置。,電焊機設置有效之防止電擊裝置。,已設罝,"(2) 焊於管上之吊環，裝保溫材料用之鞍，應使用與管子相同之材料。  
(3) 管子切割須平整，避免損傷管子，規定如下：  
A. 鑄鐵管須使用鋼鑿，沿管壁逐漸鑿截，務使斷口平直，勿使破
裂。 
B. 鋼管須使用切管機或管子割刀，斷口應用銼刀或刮刀銼平。",179,15105,管材,pdf,13,145,0,0,,x,12page17-二-(四),
B84D2DFC-8231-4348-B520-40ADB4049B45,2022/10/28 14:51,8218AF3F-8954-49EA-8366-74A271D5A8A1,ACE3D9B6-2BFB-4BD6-96D4-08FEAC33D0B6,5D23A81A-ABE0-4D7A-A1B0-887E35F79FC2,3001,23,27,全套管基樁,機具設備,電器設備裝設漏電斷路器及接地線。,電器設備裝設漏電斷路器及接地線。,已裝設,"(二). 移動式或攜帶式電動機具其連接電路及配電箱各閉關，應設置漏電斷
路器，用電勿過載。  
(三). 使用可撓性雙重絕緣電線，並確實接地及架高。架高以不影響人員出
入動線為原則。  
(四). 電銲機需裝設自動電擊防止裝置， 電銲設備集中固定位置管理，並予
接地。",12,01523,施工安全衛生及管理,pdf,17,113,0,0,,△,少接地線部分,
7FC50AB3-CE5A-45FB-BD7B-A034840DD043,2022/9/9 13:25,B817F547-4FDE-4A4A-9F0B-E5437070CDD8,ACE3D9B6-2BFB-4BD6-96D4-08FEAC33D0B6,E804363E-EF14-416D-A832-7A9EF15BA486,4001,618,28,全套管基樁,臨水作業,人員是否受教育訓練，是否有配戴安全帽及救生衣。,人員是否受教育訓練，是否有配戴安全帽及救生衣。,正確配戴安全帽,"三、鄰近河川、湖泊、海岸作業，請依下列規定辦理（營造安全衛
生設施標準第 14條） ：  
（ㄧ）設置防止勞工落水之設施或確實使勞工著用救生衣。  
（二）在工作場所或附近設置下列救生設備：",251,附錄2_颱,風期間防災重點,pdf,1,147,0,0,,△,"少安全帽部分
12page7-1.5.24",
76E98ED4-06F3-4702-AAB3-E8BD9BA995D9,2022/9/9 13:23,F1840360-B9BE-4FA0-81B7-FA957815E314,ACE3D9B6-2BFB-4BD6-96D4-08FEAC33D0B6,CBEFD3D9-60A7-46FE-8433-8D99C93814EE,3008,619,29,全套管基樁,"臨水作業	 ","是否有設置救生艇及拋繩槍。	","是否有設置救生艇及拋繩槍。	",有設置救生艇及拋繩槍。,"2 於水深、水流及水域範 圍甚小無船 筏設置必要之場所，應使勞工著
用救生衣、提供易於攀援之救生索、救生園或救生浮具等足以防止
溺水之器具。",12,01523,施工安全衛生及管理,pdf,28,118,0,0,,x,page28(第三點)才對？,
CA00D5F2-5046-46BF-9FCF-43F80722ECB0,2022/9/9 13:23,F1840360-B9BE-4FA0-81B7-FA957815E314,ACE3D9B6-2BFB-4BD6-96D4-08FEAC33D0B6,FBED3C47-2860-488E-9C06-49835C8B2E47,3007,620,30,全套管基樁,臨水作業,是否設置救護器具(救生圈、急救設備等)。,是否設置救護器具(救生圈、急救設備等)。,便橋邊設有救生圈,"2 於水深、水流及水域範 圍甚小無船 筏設置必要之場所，應使勞工著
用救生衣、提供易於攀援之救生索、救生園或救生浮具等足以防止
溺水之器具。",12,01523,施工安全衛生及管理,pdf,28,120,0,0,,△,"少急救設備
12page2.1.3
關聯段落錯字",
48714B0B-8E01-40A1-9497-8B594C701EDC,2022/7/12 11:34,2AB1ABA0-BF43-4980-94D9-63EBFC554D35,DFD9D979-AAC2-4248-BEA0-2B68B35E9042,DD62FE96-4872-4462-B1D6-805672C2FAC7,3001,1255,31,全套管基樁,準備工作-樁心檢測,水平位置偏差≦ 7.5cm 高程如圖說規定,水平位置偏差≦ 7.5cm 高程如圖說規定,5cm,"(3) 鋼管板樁打設前，先打設臨時土樁，以架設施工樣架，架設高度依
現場工作需求予以調整，定樁數量預計以 7~9支為一架次，樣架架
設以測量儀器檢測，並調整樣架中心線對齊鋼管 板樁中心線，同時
應校準樁錘、樁身之軸線是否在同一直線上。",74,0246A,鋼管板樁,pdf,4,115,0,0,,x,73page3-3.3.1才對？,
BC49A540-F9F5-4961-BFBB-61055CBF4DFF,2022/7/31 17:17,59605392-944C-4132-9763-8544D72AFEBB,DFD9D979-AAC2-4248-BEA0-2B68B35E9042,12002E88-2E27-4D33-B0BA-A655B3D20EA5,3002,927,32,全套管基樁,準備工作-基樁套管直徑、壁厚,外徑 ≧ ___ cm 壁厚 ≧___ mm ,外徑 ≧ 200___ cm 壁厚 ≧__50_ mm ,外徑200cm 壁厚50 mm ,"(2) 混凝土澆置過程承包商應記錄混凝土澆置量及套管內混凝土高度，套管
底端應低於混凝土面至少 2m，以免孔壁崩塌，致使基樁斷面減少或混
凝土品質受損。  
(3) 套管拔除完成後，樁頂至地面間之孔穴應以砂土等適當材料填平或覆蓋
鐵板，並加標示以免危險。",73,02469,全套管式鑽掘混凝土基樁_1040714修正(R),pdf,6,118,2,0,,x,,
35830541-FF0C-4D9F-A493-028FDD2E1792,2022/5/18 17:29,BAE74A10-3E06-4C25-9BF4-5196001539A9,DFD9D979-AAC2-4248-BEA0-2B68B35E9042,635D14D6-9526-4FE4-8A9C-ACB634D18F39,3003,1817,33,全套管基樁,準備工作-沉澱池設置,體積>___ m × ___ m × ___ m,體積>6m*6m*1m,6m*6m*1m,"回填砂   立方公尺  
 回填級配粒料   立方公尺  
 回填透水材料     立方公尺  
    回填控制 性低強度材料 (註明規格 )  立方公尺   
 回填再生粒料   立方公尺  
<本章結束 >",55,02319,選擇材料回填,pdf,6,185,0,0,,x,,
9B3E6EA6-77CC-4B83-A8AF-585E7E7AAD67,2022/10/28 14:17,59631AE7-0202-4C28-A288-66BAA483B7F4,DFD9D979-AAC2-4248-BEA0-2B68B35E9042,CF3123BA-4E7B-40A5-9B55-0F5FDBF95F35,3005,40,34,全套管基樁,★鋼筋籠加工組合-主筋直徑、長度,依設計圖∮ ___ mm、L  ___ m,依設計圖∮32mm、L=9.8 m,D32-30支-9.84 m,"(1) 除設計圖說另有規定外，鋼筋籠之編紮，每 節鋼筋籠長度在 10~16m
之間，以儘量減少節數為原則。承包商應配合樁長妥為安排每節長度，
並報請工程司核可。  
(2) 鋼筋籠之組立應堅實牢固，以免置放、搬運、吊裝時發生變形，以及澆
置混凝土時能保持主副鋼筋之正確位置。",73,02469,全套管式鑽掘混凝土基樁_1040714修正(R),pdf,4,125,1,0,,x,,
360C2EDD-3CA1-432A-B93B-574B7077FE93,2022/10/28 14:17,59631AE7-0202-4C28-A288-66BAA483B7F4,DFD9D979-AAC2-4248-BEA0-2B68B35E9042,033866DE-578F-4333-A555-879233A1E780,3006,39,35,全套管基樁,★鋼筋籠加工組合-箍筋直徑、間距,依設計圖∮ ___  mm、@ ___  cm,依設計圖∮19mm、@10、30、100 cm,外箍筋-樁頭前3 m-2D19@10cm 外箍筋-其餘-D19@30cm 內箍筋-D19@99cm,"  
鋼筋標稱直徑  D1
0 D1
3 D1
6 D1
9 D2
2 D2
5 D2
9 D3
2 D＞
32 
穿孔孔徑（ mm） 21 24 28 31 35 38 43 46 D＋
14 
穿孔孔徑許可差
（mm） ±2.0 
(5) 高強度螺栓孔貫穿率與阻塞率之關係，若設計圖說未註明，則依照
表五施工。",147,05122,鋼構造,pdf,13,99,1,0,,x,,
D9F9CDDE-3B54-42E2-ACA8-CB7734E8115C,2022/10/28 14:17,59631AE7-0202-4C28-A288-66BAA483B7F4,DFD9D979-AAC2-4248-BEA0-2B68B35E9042,F95D4C8B-6C9D-4856-8C04-8D23E9191B01,3007,38,36,全套管基樁,★鋼筋籠加工組合-搭接長度,依設計圖主筋搭接長度≧180cm， 三點電焊之總長度不得小於主筋直徑之5倍,依設計圖主筋搭接長度≧180cm， 三點電焊之總長度不得小於主筋直徑之5倍,只1節鋼筋無搭接,"(5)每節鋼筋籠之續接處，應置於斷面應力較小之處。主筋續接應採用搭接，
其搭接長度除設計圖說另有規定者外不得小於鋼筋標稱直徑之 40倍。
為防止鋼筋籠吊放中及吊放後發生扭曲、挫屈及脫落，鋼筋搭接之最低
標準應需三點電焊 (三點電焊之總長度不得小於主筋直徑之 5倍)，搭接
細節應經工程司核可。",73,02469,全套管式鑽掘混凝土基樁_1040714修正(R),pdf,5,63,1,0,,o,,
294A3105-17C0-4DEF-849D-D1873E86A418,2021/6/15 13:49,357A4EF4-2137-43EF-A762-3685F78EAA63,DFD9D979-AAC2-4248-BEA0-2B68B35E9042,F95D4C8B-6C9D-4856-8C04-8D23E9191B01,3006,8134,37,全套管基樁,鋼筋籠加工組合-搭接長度,≧ 40 D，三點電焊之總長度不得小於主筋直徑之5倍,≧ 40 D，三點電焊之總長度不得小於主筋直徑之5倍,搭接長度：181cm 三點焊接：11cn、13cm、15cm,"(5)每節鋼筋籠之續接處，應置於斷面應力較小之處。主筋續接應採用搭接，
其搭接長度除設計圖說另有規定者外不得小於鋼筋標稱直徑之 40倍。
為防止鋼筋籠吊放中及吊放後發生扭曲、挫屈及脫落，鋼筋搭接之最低
標準應需三點電焊 (三點電焊之總長度不得小於主筋直徑之 5倍)，搭接
細節應經工程司核可。",73,02469,全套管式鑽掘混凝土基樁_1040714修正(R),pdf,5,60,0,0,,o,同36,
F2B914F1-E4D6-4138-9D5C-62242565A08C,2022/10/28 14:17,59631AE7-0202-4C28-A288-66BAA483B7F4,DFD9D979-AAC2-4248-BEA0-2B68B35E9042,9CF51AEF-A9E4-4F05-915A-39818C193791,3008,37,38,全套管基樁,★鋼筋籠加工組合-箍筋銲接長度,二點電銲(各 10 cm),二點電銲(各 10 cm),搭接90 cm 2點-11、11 cm,"  
2.1.5  銲接剪力連接釘栓：其鋼材應符合 CNS 4689 或AASHTO M169 （ASTM 
A108）之冷拉碳 鋼棒規定，完成後之桿徑物理性能為拉力強度 4200 
kgf/cm2以上，降伏強度 3500 kgf/cm2以上， 50 mm 之伸長量 20%以上，
斷面收縮率 50%以上。",142,05062,結構鋼(R),pdf,4,116,0,0,,x,,
05C01F0A-0EF8-4ECB-B29F-F18B831B33AB,2022/4/30 12:18,4A5D1E19-D638-43B3-94A0-C62F500F6F7E,DFD9D979-AAC2-4248-BEA0-2B68B35E9042,9CF51AEF-A9E4-4F05-915A-39818C193791,3007,2327,39,全套管基樁,★鋼筋籠加工組合-箍筋銲接長度,二點電焊(各 10 cm),二點電焊(各 10 cm),"11cm,12cm,12cm","  
2.1.5  銲接剪力連接釘栓：其鋼材應符合 CNS 4689 或AASHTO M169 （ASTM 
A108）之冷拉碳 鋼棒規定，完成後之桿徑物理性能為拉力強度 4200 
kgf/cm2以上，降伏強度 3500 kgf/cm2以上， 50 mm 之伸長量 20%以上，
斷面收縮率 50%以上。",142,05062,結構鋼(R),pdf,4,112,0,0,,x,同38,
FF4E0380-7DC7-4871-96A0-BAAF6C35935F,2022/10/28 14:17,59631AE7-0202-4C28-A288-66BAA483B7F4,DFD9D979-AAC2-4248-BEA0-2B68B35E9042,06121792-3C56-4FD3-9DF0-D72FF29FD978,3009,36,40,全套管基樁,★鋼筋籠加工組合-預埋PVC測管,PVC測管  4 支，內徑≧  50 mm，長度=L ______cm+20 cm,PVC測管  4 支，內徑≧  50 mm，長度=1000 cm+20 cm,4支、內徑5 cm、長度1050 cm,"C. 接頭： CNS 2475 H3029 軟焊， CNS 2474 H3028 銀硬焊接合。  
(10) J類管－自來水用聚氯乙烯硬質塑膠管 (PVC管) 
A. PVC管： CNS 4053 K3033 ，管線 /管壁厚應不小於相當 10㎏
f/㎝2(約150 PSI)之壓力等級。",179,15105,管材,pdf,9,143,0,0,,x,應為73page7-3.4.11-3,
C667980D-0DB8-4526-8252-A37BED397A25,2021/6/15 13:49,357A4EF4-2137-43EF-A762-3685F78EAA63,DFD9D979-AAC2-4248-BEA0-2B68B35E9042,06121792-3C56-4FD3-9DF0-D72FF29FD978,3008,8132,41,全套管基樁,鋼筋籠加工組合-預埋PVC測管,PVC測管  4 支，內徑≧  50 mm，長度=L+20 cm,PVC測管  4 支，內徑≧  50 mm，長度=L+20 cm,PVC管4支 內徑50mm,"A. 內襯 PVC管之鋼管： CNS 11774 A2201 。壓力等級不小於
10kgf/cm2(約150 PSI)之壓力等級管。  
B. 管配件：展性鑄鐵加 PVC管內襯管配件。  
C. 接頭：凸緣接口或機械開槽式管接頭。",179,15105,管材,pdf,10,139,0,0,,x,同40,
3B8336A0-3DC7-4F5A-931D-A772553C6048,2022/10/28 14:17,59631AE7-0202-4C28-A288-66BAA483B7F4,DFD9D979-AAC2-4248-BEA0-2B68B35E9042,12BE0457-0EEB-4B2F-91B1-2FA30BEE8E58,3010,35,42,全套管基樁,★鋼筋籠加工組合-鋼筋籠護耳,每斷面至少___個、間距__m,每斷面至少8個、間距2 m,間距1.98 m、每斷面8個,"(1) 除設計圖說另有規定外，鋼筋籠之編紮，每 節鋼筋籠長度在 10~16m
之間，以儘量減少節數為原則。承包商應配合樁長妥為安排每節長度，
並報請工程司核可。  
(2) 鋼筋籠之組立應堅實牢固，以免置放、搬運、吊裝時發生變形，以及澆
置混凝土時能保持主副鋼筋之正確位置。",73,02469,全套管式鑽掘混凝土基樁_1040714修正(R),pdf,4,118,0,0,,x,,
24E50CA6-3535-4EE1-A095-96F1A20DA70B,2022/10/28 14:43,9B40B4CA-7F8F-42A9-A77F-A0BC36C13503,DFD9D979-AAC2-4248-BEA0-2B68B35E9042,3459EA49-3DCA-44CB-8DCD-A7A61B3F5A3D,4001,34,43,全套管基樁,★定位-搖管器定位,水平位置偏差≦ 7.5 cm,水平位置偏差≦ 7.5 cm,1.5 cm,"(mm)  ≧300 
(障礙 R1) ≧300 
(障礙 R2) ≧300 
(無鋼筋障礙 R3) 
流動性  坍流度  (mm)   
6
5
0
~
7
5
0 600~700 500~650 
  材料析離  
  抵抗性 V75漏斗流下時間",128,03315,自充填混凝土(10702修正)(監R),pdf,4,166,0,0,,x,,
12659D6C-B427-405D-9916-2AC16F92F177,2022/10/28 14:43,9B40B4CA-7F8F-42A9-A77F-A0BC36C13503,DFD9D979-AAC2-4248-BEA0-2B68B35E9042,3A7AC5E4-7DA0-4F65-B596-4D0A86E6BE3D,4002,33,44,全套管基樁,★鑽掘作業-套管全部壓入時最大偏心,≦  10 cm,≦  10 cm,4 cm,"(3) 觀測工作若發現達警我值或行動值時，負責監測工作之專業廠
商應立即通知工程司及承包商。  
3.2.2  豎管式水壓計  
(1) 安裝步驟  
A. 於預定位置鑽掘直徑約 10cm之鑽孔，鑽孔壁必要時以套管保
護，並應鑽孔至預定埋設深度下約 50cm處。",52,0229B,開挖安全監測,pdf,4,135,3,0,,x,,
22791B94-9E1E-4D2E-A008-322BE2C95D18,2022/10/28 14:43,9B40B4CA-7F8F-42A9-A77F-A0BC36C13503,DFD9D979-AAC2-4248-BEA0-2B68B35E9042,603C57D4-50E3-4FD0-B128-BC7AF1CDC2F1,4003,32,45,全套管基樁,★鑽掘作業-鑽掘垂直精度,＜1/200,＜1/200,X軸-2/1240 Y軸-2/1240,"  
(3) 取樣：工作人員應提高岩心提取率，若過低時，必須更換取樣器
或變更取樣方法。岩心取樣作業每次鑽深不可超過 1.5m，鑽畢
後將其樣品取出量測及紀錄岩石品質指標（ RQD，計算參見圖
02218 -1），鑽取岩心過程中工作人員應隨時注意鑽頭壓力及鑽
進深度，若發現岩心管有阻塞現象，不論該次鑽探深度如何，均
應即時提出岩心管，以免損壞岩心。",41,02218,鑽探及取樣(監R),pdf,6,182,3,0,,x,,
698F5DA0-1FDE-4113-9C2E-4E222A5EF9F5,2022/10/28 14:43,9B40B4CA-7F8F-42A9-A77F-A0BC36C13503,DFD9D979-AAC2-4248-BEA0-2B68B35E9042,790CB277-5A13-4CB8-A4D7-BA579791634A,4004,31,46,全套管基樁,★鑽掘作業-樁底高程及基樁長度,L~L+D/2 L=_____m；D=_____m,L~L+D/2 L=10m；D=2 m EL=-7,EL=-7.1 L=10.1m,"(1) 鑽探期間，每日開鑽前及鑽孔完成 24小時以後均須觀測地下水
位乙次，並記錄於鑽探日報表內。  
(2) 除水中鑽孔外，每鑽孔完成後，埋入 5cm口徑有孔 PVC水位測
定管，如鑽孔深度足夠，至少深入地下水位以下 10m，管口用活
動蓋蓋住，並作標記，其埋設 方式應經工程司認可。",41,02218,鑽探及取樣(監R),pdf,7,146,3,0,,x,,
E1AE2947-456C-4402-A04D-5119AFDB4040,2022/10/28 14:43,9B40B4CA-7F8F-42A9-A77F-A0BC36C13503,DFD9D979-AAC2-4248-BEA0-2B68B35E9042,EDC1196F-A8B7-4D78-8D30-3FB3EF1BBE2E,4005,30,47,全套管基樁,★孔底處理-孔底淤泥排除,利用特密管及空氣壓縮機之正循環方式，將樁底之沈積淤泥排出，且於澆置混凝土5分鐘前不得停止。,利用特密管及空氣壓縮機之正循環方式，將樁底之沈積淤泥排出，且於澆置混凝土5分鐘前不得停止。,以正循環方式將孔底淤泥排出,"(2) 樁底淤泥之清除方法可利用特密管及空氣壓縮機之正循環方式，將樁底
之沈積淤泥排出，且於澆置混凝土 5分鐘前不得停止。  
3.4.6  混凝土澆置  
(1) 孔底處理完畢，應即澆置混凝土。澆置作業應持續直至完成為止。",73,02469,全套管式鑽掘混凝土基樁_1040714修正(R),pdf,5,41,0,0,,o,,
13920F0E-BDB9-4664-8992-E12A904A9351,2022/10/28 14:43,9B40B4CA-7F8F-42A9-A77F-A0BC36C13503,DFD9D979-AAC2-4248-BEA0-2B68B35E9042,5998F8AA-7356-44C0-8863-545E5C006E1A,4006,29,48,全套管基樁,★孔底處理-孔深檢驗,L~L+D/2 L=____m;D=____m,L~L+D/2 L=10m;D=2 m,L=10.1m,"D.除橋梁附掛 、 異種導線管之銜接及引進管之管道不作氣密試驗外，
其餘管道應作氣密試驗。以氣密橡膠塞子將管口阻塞並以空氣壓
縮機將氣體通入管內，維持氣壓至 1.5kgf/cm2後放置 10分鐘，壓
力下降不得超過 10%為合格。  
管道  
型態  
通棒  
（直徑  
×長度）",78,02584,交控土木管道,pdf,14,159,3,0,,x,,
C932BF01-6903-4EF7-AEC1-2F8788096D50,2021/6/11 7:53,94E9BD2F-AEC8-4B58-88BC-7327D098018D,DFD9D979-AAC2-4248-BEA0-2B68B35E9042,5998F8AA-7356-44C0-8863-545E5C006E1A,4013,8144,49,全套管基樁,孔底處理-孔深檢驗,L~L+D/2,L~L+D/2,L:71.02m,"(3) 特密管須暫時懸吊使底端離樁孔底約 20cm，不宜接觸孔底，以免不慎
將孔底土壤礫石等擠入特密管底部，影響混凝土之澆置。  
3.4.5  孔底處理  
(1) 鋼筋籠吊放完畢，在灌置水中混凝土前，必須將孔底沈澱物排出，為確
認其效果，孔底處理後應測定孔深。",73,02469,全套管式鑽掘混凝土基樁_1040714修正(R),pdf,5,144,3,0,,x,同48,
3E68980A-4499-4399-9699-11B46CC93D0D,2022/6/8 14:52,1BED498D-2D1B-401B-B8A7-9499A0C6A6D0,DFD9D979-AAC2-4248-BEA0-2B68B35E9042,EB1E5C39-91F0-4FB1-89B7-063908B4EDCA,3004,1598,50,全套管基樁,混凝土澆置前檢查-泵送機,不得增設暗管(水管),不得增設暗管(水管),無增設暗管,(6) 泵送機應妥為操 作，使混凝土得以連續流動。輸送管之出口端應儘可能,127,03310,結構用混凝土(10702修正)(監R),pdf,3,101,0,0,,x,,
3ECDAB00-6321-42B2-8D4A-3F9CBDC8A1AB,2022/10/28 14:43,9B40B4CA-7F8F-42A9-A77F-A0BC36C13503,DFD9D979-AAC2-4248-BEA0-2B68B35E9042,DF3B1FC9-09E6-4AAA-916D-BAD79C045392,4007,28,51,全套管基樁,★混凝土澆置-預拌車、泵送機,預拌車不得加水、泵送機不得有暗管,預拌車不得加水、泵送機不得有暗管,預拌車無加水,"(5) 採用混凝土泵送車澆置混凝土時，除須先規劃其設置場所外，並應隨時
備齊壓送管，避免等待而造成不必要之空轉。  
(6) 剩餘混凝土或沖洗水不得任意棄置或排放至水溝。  
3.16.5  道路工程",34,01572,環境保護,pdf,12,109,0,0,,x,,
3897F2B3-39F5-430C-9752-0C1C33E50582,2022/4/30 12:19,ABAAB55B-E380-480D-AE6B-9CCAE8AC6FAF,DFD9D979-AAC2-4248-BEA0-2B68B35E9042,F777AEE0-0DC5-4A33-94DE-9F4D405243D6,4020,2315,52,全套管基樁,★預拌車、泵送機,澆置過程中不得加水,澆置過程中不得加水,澆置過程無加水,"(4)  拌和、灑水、滾壓等機械工具，應先行檢查，並確認其能繼續工作不致
中斷時，方可進行水泥之撒佈。",87,02715,水泥處理土壤,pdf,2,140,0,0,,x,,
DC11999B-ED04-4B62-B627-3B54BA505023,2022/10/28 14:43,9B40B4CA-7F8F-42A9-A77F-A0BC36C13503,DFD9D979-AAC2-4248-BEA0-2B68B35E9042,4318BABE-65E4-4542-860D-0A21BB9EBE2A,4008,27,53,全套管基樁,★混凝土澆置-溫度,保持在13℃以上，32℃以下。,保持在13℃以上，32℃以下。,第一車25度,"(1) 加溫 
A.將模板或構造物包圍加溫，使其內之混凝土及氣溫保持在 13℃以上。
完成澆置之混凝土應維持該溫度 7天。 
B.於混凝土養護期間加溫時，其周圍之相對溼度應維持不低於 40%。火
爐、烤板或加熱器應妥為佈設，使熱量均勻分佈。燃燒之廢氣體應排
至包圍體外部。",127,03310,結構用混凝土(10702修正)(監R),pdf,7,137,0,0,,△,"少溫度上限部分
接續在關聯段後但未抓出",
0EDE32D4-A41F-4BDB-982E-2A4118773DB5,2022/10/28 14:43,9B40B4CA-7F8F-42A9-A77F-A0BC36C13503,DFD9D979-AAC2-4248-BEA0-2B68B35E9042,C347EB64-16C0-4F60-9B15-D1404ABB8B9B,4009,25,54,全套管基樁,★混凝土澆置-坍度試驗,坍度22cm±4cm ,坍度22cm±4cm ,第一車21 cm,"泥砂漿墊塊應附鍍鋅鐵線，以便和鋼筋綁紮固定。  
(4) 暴露於室外之混凝土，距混凝土表面 15mm範圍內之鋼筋墊塊必須為抗
腐蝕或經防腐處理之材料。  
(5) 水泥砂漿墊塊之強度須大於所澆置混凝土之強度。  
3.2.5  接地及陰極保護",121,03210,鋼筋(R),pdf,9,152,0,0,,x,,
715E975B-1238-4A86-B766-A339AB94138B,2021/2/24 14:57,9889B2AC-D0A8-447D-8AD4-9F3ED1A65955,DFD9D979-AAC2-4248-BEA0-2B68B35E9042,C347EB64-16C0-4F60-9B15-D1404ABB8B9B,4018,9047,55,全套管基樁,坍度試驗,坍度___cm±___cm (1)  設計坍度小於50mm時：±15mm (2)  設計坍度51mm至 100mm時：±25mm (3)  設計坍度大於100mm時：±40mm。,坍度22cm±4cm (1)  設計坍度小於50mm時：±15mm (2)  設計坍度51mm至 100mm時：±25mm (3)  設計坍度大於100mm時：±40mm。,25cm,"3.2 許可差  
3.2.1 坍度之許可差應符合下列之數值：  
(1) 設計坍度小於 50mm時：±15mm  
(2) 設計坍度 51mm至 100mm時：±25mm。 
(3) 設計坍度大於 100mm時：±40mm。 
 
4. 計量與計價  
4.1 計量",115,03050,混凝土基本材料及施工一般要求(10702修正)(監R),pdf,14,91,0,0,,o,,
56BAB64D-E04B-47A1-8FEC-E12B9F8C5D76,2022/10/28 14:43,9B40B4CA-7F8F-42A9-A77F-A0BC36C13503,DFD9D979-AAC2-4248-BEA0-2B68B35E9042,FB3B96CD-6B3F-43C5-9F75-B2D29EE37CD0,4010,26,56,全套管基樁,★混凝土澆置-氯離子含量試驗,≦ 0.15 kg/m3,≦ 0.15 kg/m3,第一車-0.038、0.044、0.038 kg/ m3,"名 稱 檢驗項目  依據之標準  規範之要求  頻   率 
細粒料  水溶性氯
離子含量  CNS 1240  最大 0.012%  每一料源至少 1
次 
新 拌 
混凝土  水溶性氯
離子含量  CNS 3090 依
水溶法  最大
0.15kg/m3 
 每澆置日一次",127,03310,結構用混凝土(10702修正)(監R),pdf,13,120,3,0,,o,,
4612F4F7-05A0-4FE4-B5E8-47F11223D46E,2021/12/4 21:44,E80552EE-3808-4A80-877F-184CADED5A10,DFD9D979-AAC2-4248-BEA0-2B68B35E9042,FB3B96CD-6B3F-43C5-9F75-B2D29EE37CD0,4021,5543,57,全套管基樁,★混凝土澆置-氯離子含量試驗,≦ 0.15 kgf/m3,≦ 0.15 kg/m3,0.021kg/m3 0.019kg/m3 0.021kg/m3 平均0.020kg/m3,"名 稱 檢驗項目  依據之標準  規範之要求  頻   率 
細粒料  水溶性氯
離子含量  CNS 1240  最大 0.012%  每一料源至少 1
次 
新 拌 
混凝土  水溶性氯
離子含量  CNS 3090 依
水溶法  最大
0.15kg/m3 
 每澆置日一次",127,03310,結構用混凝土(10702修正)(監R),pdf,13,120,3,0,,o,同56,
0E2DBF0D-A6C7-4D02-8972-CF197A934561,2022/10/28 14:43,9B40B4CA-7F8F-42A9-A77F-A0BC36C13503,DFD9D979-AAC2-4248-BEA0-2B68B35E9042,F545C696-B5A5-4A8B-AEB5-580873A53499,4011,24,58,全套管基樁,★混凝土澆置-抗壓強度,規定強度 水中350kgf/cm2 試體製作   組 每20m3至少取樣一組，餘數未達10m3得併入前一組檢驗，餘數超過10m3時單獨取樣一組，且每支基樁應檢驗混凝土抗壓強度試體二組以上 ,規定強度 水中350kgf/cm2 試體製作   組 每20m3至少取樣一組，餘數未達10m3得併入前一組檢驗，餘數超過10m3時單獨取樣一組，且每支基樁應檢驗混凝土抗壓強度試體二組以上 ,350 kgf/ cm2水中混凝土 澆置35 m3、製作試體2組每組3個,"混凝土  
抗壓強度  依第 03310
章規定  依設計圖說規定  每20m3至少取樣一
組，餘數未達 10m3
得併入前一組檢驗
，餘數超過 10m3時
單獨取樣一組，且
每支基樁應檢驗混
凝土抗壓強度試體
二組以上。  
 
4. 計量與計價",73,02469,全套管式鑽掘混凝土基樁_1040714修正(R),pdf,8,25,0,0,,△,"少水中施作部分
115page7-2.1.1",
4659CF28-B1C6-42FA-98CD-B802FD963B2B,2022/4/30 12:19,ABAAB55B-E380-480D-AE6B-9CCAE8AC6FAF,DFD9D979-AAC2-4248-BEA0-2B68B35E9042,5741FB5C-71E9-4EF5-889F-6C5CE5B14AF8,4023,2312,59,全套管基樁,★混凝土澆置-抗壓強度,試體製作__組 每20m3至少取樣一組，餘數未達10m3得併入前一組檢驗，餘數超過10m3時單獨取樣一組，且每支基樁應檢驗混凝土抗壓強度試體二組以上,試體製作8組 每20m3至少取樣一組，餘數未達10m3得併入前一組檢驗，餘數超過10m3時單獨取樣一組，且每支基樁應檢驗混凝土抗壓強度試體二組以上,一級7組 二級1組,"混凝土  
抗壓強度  依第 03310
章規定  依設計圖說規定  每20m3至少取樣一
組，餘數未達 10m3
得併入前一組檢驗
，餘數超過 10m3時
單獨取樣一組，且
每支基樁應檢驗混
凝土抗壓強度試體
二組以上。  
 
4. 計量與計價",73,02469,全套管式鑽掘混凝土基樁_1040714修正(R),pdf,8,33,0,0,,o,,
9AF9A7BD-AB28-4041-86D4-48F589D29C2E,2022/4/30 12:19,ABAAB55B-E380-480D-AE6B-9CCAE8AC6FAF,DFD9D979-AAC2-4248-BEA0-2B68B35E9042,F545C696-B5A5-4A8B-AEB5-580873A53499,4022,2313,60,全套管基樁,★混凝土澆置-抗壓強度,規定強度 水中350 kgf/cm2,規定強度 水中350 kgf/cm2,水中 350kgf/cm2,"規定 1.不得少於抗壓或
抗彎強度試驗組
數 
抗壓強度  CNS 1232  1.混凝土每次澆置",97,02751,水泥混凝土鋪面,pdf,8,104,0,0,,x,115page7-2.1.1,
78E7382E-B13B-4929-983C-D44C2BDAD1EE,2021/6/11 7:53,94E9BD2F-AEC8-4B58-88BC-7327D098018D,DFD9D979-AAC2-4248-BEA0-2B68B35E9042,F545C696-B5A5-4A8B-AEB5-580873A53499,4020,8140,61,全套管基樁,混凝土澆置-抗壓強度,規定強度 350水中 kgf/cm2,規定強度 350水中 kgf/cm2,水中350kgf/cm2,"規定 1.不得少於抗壓或
抗彎強度試驗組
數 
抗壓強度  CNS 1232  1.混凝土每次澆置",97,02751,水泥混凝土鋪面,pdf,8,90,0,0,,x,同61,
32C20EF7-82DF-4E54-809E-9D378CC99452,2021/2/24 14:57,9889B2AC-D0A8-447D-8AD4-9F3ED1A65955,DFD9D979-AAC2-4248-BEA0-2B68B35E9042,F545C696-B5A5-4A8B-AEB5-580873A53499,4020,9045,62,全套管基樁,抗壓強度,規定強度 ___  kgf/cm2,規定強度 350  kgf/cm2, 350  kgf/cm2(水中),"名  稱 檢驗項目  檢驗方法  規範之要求  頻  率 
抗壓強度  平均值
≧280kgf/cm2，且任
一試樣測試值
≧250kgf/cm2 
抗彎強度  
(長度或寬
度超過  
280 mm 
時) 抗彎破壞載重須＞
1200kgf  
透水係數  1x10-2cm/sec",100,02778,人行道面層,pdf,9,142,0,0,,x,有找出值，但非基樁,
F8DC5F67-2B7A-4897-B307-0067104A3D2C,2022/5/18 17:31,E38E4AFC-D8AF-4DFB-9A3D-81C7EBCF7920,DFD9D979-AAC2-4248-BEA0-2B68B35E9042,F6C3DC67-A397-4846-B2B9-EEE9A84FD4A7,4012,1814,63,全套管基樁,定位-標定樁位及設控制樁,依設計圖標定正確,依設計圖標定正確,RR2標定正確,"(1) 選點及埋樁  
A.控制點須經檢測無誤後方得使用，如已知控制點密度不足時，應實施
加密控制測量。  
B.選定之加密控制點均應埋設固定樁，可依現地選擇為石樁、鋼釘樁或
鋼片樁，所選點位必須通視良好且不易破壞處。",38,01725,施工測量,pdf,2,95,1,0,,x,,
6CE284CA-A07C-4CEE-B68A-3C6D5086BBCD,2022/7/11 15:37,6BAD9B8F-06AE-4AE4-88A1-47CE3343F565,DFD9D979-AAC2-4248-BEA0-2B68B35E9042,B7600A3F-7D07-4490-A034-942E4FC48E67,4013,1273,64,全套管基樁,鑽掘作業-鋼套管接合情形,鎖緊固定,鎖緊固定,鎖緊固定,"(6) 鋼筋籠製作及續接所使用之電焊均應符合相關章節規定，並不得損傷主
筋斷面。  
3.4.4  特密管吊放  
(1)檢查特密管每個接頭均能拆卸且水密性良好，管內壁清潔，管底無彎曲，
並量測各支管長度。",73,02469,全套管式鑽掘混凝土基樁_1040714修正(R),pdf,5,122,0,0,,x,,
B046D98B-9C11-4355-B4B7-D4C2F3926AA6,2022/6/27 16:09,25CF7138-2F70-43E7-8315-E72F73988C01,DFD9D979-AAC2-4248-BEA0-2B68B35E9042,3990B4D4-3645-4E9D-BEFC-578E6957A2E4,4014,1436,65,全套管基樁,鋼筋籠吊放-吊放順序,依設計圖製作順序吊放,依製作順序吊放,共3節按照下、中、上順序吊放搭接,"(1) 除設計圖說另有規定外，鋼筋籠之編紮，每 節鋼筋籠長度在 10~16m
之間，以儘量減少節數為原則。承包商應配合樁長妥為安排每節長度，
並報請工程司核可。  
(2) 鋼筋籠之組立應堅實牢固，以免置放、搬運、吊裝時發生變形，以及澆
置混凝土時能保持主副鋼筋之正確位置。",73,02469,全套管式鑽掘混凝土基樁_1040714修正(R),pdf,4,135,0,0,,x,,
89DC0B46-8D73-4817-B8B0-82FB02F9B300,2022/5/18 17:31,E38E4AFC-D8AF-4DFB-9A3D-81C7EBCF7920,DFD9D979-AAC2-4248-BEA0-2B68B35E9042,3DE9FE82-C63B-44CA-AFF3-89725EAC51D2,4015,1811,66,全套管基樁,鋼筋籠放置,固定於套管中心,固定於套管中心,固定於中心,"(1) 除設計圖說另有規定外，鋼筋籠之編紮，每 節鋼筋籠長度在 10~16m
之間，以儘量減少節數為原則。承包商應配合樁長妥為安排每節長度，
並報請工程司核可。  
(2) 鋼筋籠之組立應堅實牢固，以免置放、搬運、吊裝時發生變形，以及澆
置混凝土時能保持主副鋼筋之正確位置。",73,02469,全套管式鑽掘混凝土基樁_1040714修正(R),pdf,4,131,0,0,,x,,
7F671A26-9FC9-47B2-B804-B2F797B1CDD8,2022/5/18 17:31,E38E4AFC-D8AF-4DFB-9A3D-81C7EBCF7920,DFD9D979-AAC2-4248-BEA0-2B68B35E9042,C494A3BB-28DA-464E-BA8D-7112535415EB,4017,1810,67,全套管基樁,特密管吊放-特密管接合及水密性,每個接頭均能拆卸且水密性良好,每個接頭均能拆卸且水密性良好,接頭均能拆卸,"(6) 鋼筋籠製作及續接所使用之電焊均應符合相關章節規定，並不得損傷主
筋斷面。  
3.4.4  特密管吊放  
(1)檢查特密管每個接頭均能拆卸且水密性良好，管內壁清潔，管底無彎曲，
並量測各支管長度。",73,02469,全套管式鑽掘混凝土基樁_1040714修正(R),pdf,5,105,0,0,,o,,
A13B2682-8011-4DFE-B55D-A5554E9C3363,2022/3/20 13:42,BF213274-6DD4-4864-8EFE-5BA77CEDBBC2,DFD9D979-AAC2-4248-BEA0-2B68B35E9042,D9163EF3-E737-46BC-BD55-207961534D85,4010,3445,68,全套管基樁,特密管吊放-特密管之長度配置,最上3支做為調整長度採 1 m或 2 m管外，其餘管長均為3 m,最上3支做為調整長度採 1 m或 2 m管外，其餘管長均為3 m,1-7-9-12-12-12-12-15,"(2) 配置特密管之長度，除最後（最上） 3支係做為調整長度之用而採 1m
或2m管之外，其餘各支管長均為 3m，特密管之配置須確實填入紀錄
表內，每次拆除後之長度也要填入混凝土澆置紀錄表內。",73,02469,全套管式鑽掘混凝土基樁_1040714修正(R),pdf,5,75,0,0,,o,,
9623FEF0-916B-4CEE-ABF1-8D9BC0E66FE1,2022/6/8 14:54,EBCEE2CF-6F09-4D22-B953-78A8547A95A3,DFD9D979-AAC2-4248-BEA0-2B68B35E9042,1A8C1C72-3815-4F43-884B-001C36157AD1,4019,1595,69,全套管基樁,特密管吊放-特密管須懸吊不觸底,特密管底端須離樁孔底約20cm不接觸孔底,特密管底端須離樁孔底約20cm不接觸孔底,約20cm，不接觸孔底,"B.鋼管樁之吊裝應儘量利用樁頂之頂孔勾吊，如因特殊情形須捆紮樁身
吊裝時，應在捆紮處加以保護，俾免樁接合部位受損。  
C.鋼管樁施打時須隨時注意其接合部位是否緊密。  
D.工地銲接須符合第 05090 章規定。",46,02255,臨時擋土樁設施(監R),pdf,4,110,0,0,,x,應為73page5-3.4.4-3,
A7B83F1E-F7FB-4B87-8CDA-FB7289216499,2022/6/27 16:09,25CF7138-2F70-43E7-8315-E72F73988C01,DFD9D979-AAC2-4248-BEA0-2B68B35E9042,1B5CF246-1511-46B7-9E23-2314A3F4B91E,4021,1434,70,全套管基樁,混凝土澆置-鋼套管埋入混凝土中,大於 2 m,大於 2 m,第二支套管起管後埋在入混凝土面下5.1m,"2. 產品 
2.1 材料   
2.1.1  混凝土：須依第 03050 章之規定辦理。除設計圖說另有規定外，進水井、沉
砂 井 及 人 孔 等 構 造 物 須 使 用 210kgf/cm2混 凝 土 ， 包 裹 管 涵 須 使 用
140kgf/cm2混凝土。  
2.1.2  人孔蓋及蓋座",81,02631,進水井、沉砂井及人孔,pdf,2,113,0,0,,x,應為73page6-3.4.7-2,
C3DFD2FC-1894-459D-B707-2089A391FBD5,2022/5/17 14:02,B1F2B4F2-5D3D-4DAE-AFD5-CA0FCC2FA882,DFD9D979-AAC2-4248-BEA0-2B68B35E9042,23CB6F67-0441-4182-8710-25EA79A52447,4022,1968,71,全套管基樁,混凝土澆置-混凝土澆置及運輸時間,混凝土澆置及運輸之全部時間＜120分鐘；澆置停頓時間＜30分鐘,混凝土澆置及運輸之全部時間＜120分鐘；澆置停頓時間＜30分鐘,運輸及澆置時間48~55min 澆置停頓時間6~10min,"(5) 澆置前之通知  
澆置混凝土應於 24小時前通知工程司，結構體之模板、鋼筋、埋設物
等經工程司檢查符合規定後始可澆置混凝土。若未通過檢查，承包商應
即時進行改善並延後澆置時間，經再次申請檢查獲得工程司同意，方得
澆置混凝土。",127,03310,結構用混凝土(10702修正)(監R),pdf,5,114,0,0,,x,應為73page5-3.4.6-5,
4E49A495-79B2-4D38-8BFE-EF6168A3D12D,2021/2/5 13:16,F62C49BE-2C55-43DB-A8C9-F06BFC3819AD,DFD9D979-AAC2-4248-BEA0-2B68B35E9042,23CB6F67-0441-4182-8710-25EA79A52447,4016,9125,72,全套管基樁,混凝土澆置及運輸時間,澆置停頓時間＜30分鐘,澆置停頓時間＜30分鐘,運輸時間：50分 澆置停頓時間:5分鐘,"(2) 混凝土運送時應保持品質均勻，避 免不當之材料析離或坍度損失。除另有
規定外，混凝土運送時應保持品質均勻，避免不當之材料析離或坍度損
失。除另有規定外， 混凝土自加水攪拌開始至工地開始卸料之時間規定
如下：",115,03050,混凝土基本材料及施工一般要求(10702修正)(監R),pdf,13,126,0,0,,x,應為73page5-3.4.6-5,
6007072B-FD9B-4C5F-8457-2CA034178868,2022/5/18 17:31,E38E4AFC-D8AF-4DFB-9A3D-81C7EBCF7920,DFD9D979-AAC2-4248-BEA0-2B68B35E9042,8D4CAF04-F7E8-4824-8D14-0F09DD19ABB5,4026,1806,73,全套管基樁,套管拔除鑽孔填平-套管拔除原土回填,回填與原地面同高,回填與原地面同高,回填至原地面高,"(3) 所需管溝應挖至所需之深度及寬度。管溝之寬度應適合導管及 /或混
凝土管路安裝之寬度。溝應平整不得成坑，向人孔或自兩人孔最高
點通向人孔之坡度，每 30m不得小於 75mm。管溝位置應避開建築
物。  
(4) 回填後，所有管溝應與週圍保持水平。所有多餘之廢土均應清除運
離現場。",182,16010,基本電氣規則,pdf,6,133,0,0,,x,"有找出值，但非基樁
應為73page6-3.4.7-3
關聯段落錯字",
6849AF6D-994C-4D8D-B59B-3C4F2D92DABA,2022/2/16 11:34,8B0B63E6-5111-46CB-A64D-C6C728F33559,DFD9D979-AAC2-4248-BEA0-2B68B35E9042,08C4C370-8B01-40E7-8767-5294E2963133,5001,4394,74,全套管基樁,樁頭處理-樁頭劣質混凝土清除,基樁主筋端部套入PE或其他保護材料包覆，劣質混凝土採環切，再用楔形鐵或其他堅硬物塞入切除位置，鎚擊至劣質混凝土底部斷裂，並以機具吊離；劣質混凝土嚴禁以大型機械式破碎機敲除。,基樁主筋端部套入PE或其他保護材料包覆，劣質混凝土採環切，再用楔形鐵或其他堅硬物塞入切除位置，鎚擊至劣質混凝土底部斷裂，並以機具吊離；劣質混凝土嚴禁以大型機械式破碎機敲除。,鋼筋使用塑膠套包護 基樁環切後 再利用人工敲除,"(1) 打樁過程中，如因樁帽或墊塊放置不當，或因墊塊硬化，致使樁頭或樁
身過分受力損壞均以廢樁處理。  
(2) 打樁完成後之樁位偏移量、斜度偏差超出設計圖說規定容許值，由承包
商提出鋼樁檢核報告，經工程司核可後依規定辦理。",71,02462,H型鋼樁,pdf,3,78,0,0,,x,,
217BC232-9339-4E83-801C-2F219D7B5DC9,2022/2/16 11:34,8B0B63E6-5111-46CB-A64D-C6C728F33559,DFD9D979-AAC2-4248-BEA0-2B68B35E9042,1C8FFC14-06CE-46BF-BF8E-178CEE110FCE,5002,4393,75,全套管基樁,樁頭處理-樁頭埋置基礎之鋼筋,依設計圖 ___ cm,依設計圖 140 cm,143cm、145cm、144cm、146cm,"鋼筋材料 (註明規格 )  公噸 
 鋼筋加工及組立   公噸 
基樁完整性試驗   根 
基樁完整性試驗測管   公尺 
樁頭處理 (註明規格 )  處 
〈本章結束〉",73,02469,全套管式鑽掘混凝土基樁_1040714修正(R),pdf,9,83,1,0,,x,,
E0B4CFF5-999A-40B6-9B04-EF33A30F2908,2022/2/16 11:34,8B0B63E6-5111-46CB-A64D-C6C728F33559,DFD9D979-AAC2-4248-BEA0-2B68B35E9042,AE9ACAE3-A96A-446D-8DC3-B7277898311A,5003,4392,76,全套管基樁,完整性檢驗-基樁完整性,超音波檢測合格,超音波檢測合格,PR3、PR4、PR10、PR12、PR13、PR16、PR21、PR22,"  
(1) 為瞭解澆置完成後基樁混凝土斷面之完整性、連續性，是否含有土壤、
灰泥、蜂窩或斷樁之現象，除契約另有規定外，全部基樁應埋設測管，
每座橋台、橋墩至少各取一根基樁做超音波試驗，工程司得視實際需要
增加試驗樁數。無法適用超音波試驗法時得採用其它替代試驗法，承包
商應提出建議替代試驗法之實績證明、成果報告、試驗設備、試驗方法
及人員資歷等圖說文件，經工程司核可後辦理。",73,02469,全套管式鑽掘混凝土基樁_1040714修正(R),pdf,7,118,0,0,,o,,
85107A1B-E24B-4F58-B660-E1BC30D3B198,2022/2/16 11:34,8B0B63E6-5111-46CB-A64D-C6C728F33559,DFD9D979-AAC2-4248-BEA0-2B68B35E9042,3E3BF05B-49AF-4FC6-B2F9-52B469B0704B,5004,4391,77,全套管基樁,完整性檢驗-樁長,___m~  ___  m,65m,65.08m、65.05m、65.02m、65.09m,"鋼筋材料 (註明規格 )  公噸 
 鋼筋加工及組立   公噸 
基樁完整性試驗   根 
基樁完整性試驗測管   公尺 
樁頭處理 (註明規格 )  處 
〈本章結束〉",73,02469,全套管式鑽掘混凝土基樁_1040714修正(R),pdf,9,145,3,0,,x,,
,,,,,,,,,,,,,,,,,,,115,,,,,,
,,,,,,,,,,,,,,,,,,,33,,,,,,
,,,,,,,,,,,,,,,,,,,,,,,,,
,,,,,,,,,,,,,,,,,,,,,,,,,
,,,,,,,,,,,,,,,,,,,,,,,,,
,,,,,,,,,,,,,,,,,,,,,,,,,
,,,,,,,,,,,,,,,,,,,,,,,,,
,,,,,,,,,,,,,,,,,,,,,,,,,
,,,,,,,,,,,,,,,,,,,,,,,,,
,,,,,,,,,,,,,,,,,,,,,,,,,
,,,,,,,,,,,,,,,,,,,,,,,,,
,,,,,,,,,,,,,,,,,,,,,,,,,
,,,,,,,,,,,,,,,,,,,,,,,,,
,,,,,,,,,,,,,,,,,,,,,,,,,
,,,,,,,,,,,,,,,,,,,,,,,,,
,,,,,,,,,,,,,,,,,,,,,,,,,
,,,,,,,,,,,,,,,,,,,,,,,,,
,,,,,,,,,,,,,,,,,,,,,,,,,
,,,,,,,,,,,,,,,,,,,,,,,,,
,,,,,,,,,,,,,,,,,,,,,,,,,
,,,,,,,,,,,,,,,,,,,,,,,,,
,,,,,,,,,,,,,,,,,,,,,,,,,
,,,,,,,,,,,,,,,,,,,,,,,,,
,,,,,,,,,,,,,,,,,,,,,,,,,
,,,,,,,,,,,,,,,,,,,,,,,,,
,,,,,,,,,,,,,,,,,,,,,,,,,
,,,,,,,,,,,,,,,,,,,,,,,,,
,,,,,,,,,,,,,,,,,,,,,,,,,
,,,,,,,,,,,,,,,,,,,,,,,,,
,,,,,,,,,,,,,,,,,,,,,,,,,
,,,,,,,,,,,,,,,,,,,,,,,,,
,,,,,,,,,,,,,,,,,,,,,,,,,
,,,,,,,,,,,,,,,,,,,,,,,,,
,,,,,,,,,,,,,,,,,,,,,,,,,
,,,,,,,,,,,,,,,,,,,,,,,,,
,,,,,,,,,,,,,,,,,,,,,,,,,
,,,,,,,,,,,,,,,,,,,,,,,,,
,,,,,,,,,,,,,,,,,,,,,,,,,
,,,,,,,,,,,,,,,,,,,,,,,,,
,,,,,,,,,,,,,,,,,,,,,,,,,
,,,,,,,,,,,,,,,,,,,,,,,,,
,,,,,,,,,,,,,,,,,,,,,,,,,
,,,,,,,,,,,,,,,,,,,,,,,,,
,,,,,,,,,,,,,,,,,,,,,,,,,
,,,,,,,,,,,,,,,,,,,,,,,,,
,,,,,,,,,,,,,,,,,,,,,,,,,
,,,,,,,,,,,,,,,,,,,,,,,,,
,,,,,,,,,,,,,,,,,,,,,,,,,
,,,,,,,,,,,,,,,,,,,,,,,,,
,,,,,,,,,,,,,,,,,,,,,,,,,
,,,,,,,,,,,,,,,,,,,,,,,,,
,,,,,,,,,,,,,,,,,,,,,,,,,
,,,,,,,,,,,,,,,,,,,,,,,,,
,,,,,,,,,,,,,,,,,,,,,,,,,
,,,,,,,,,,,,,,,,,,,,,,,,,
,,,,,,,,,,,,,,,,,,,,,,,,,
,,,,,,,,,,,,,,,,,,,,,,,,,
,,,,,,,,,,,,,,,,,,,,,,,,,
,,,,,,,,,,,,,,,,,,,,,,,,,
,,,,,,,,,,,,,,,,,,,,,,,,,
,,,,,,,,,,,,,,,,,,,,,,,,,
,,,,,,,,,,,,,,,,,,,,,,,,,
,,,,,,,,,,,,,,,,,,,,,,,,,
,,,,,,,,,,,,,,,,,,,,,,,,,
,,,,,,,,,,,,,,,,,,,,,,,,,
,,,,,,,,,,,,,,,,,,,,,,,,,
,,,,,,,,,,,,,,,,,,,,,,,,,
,,,,,,,,,,,,,,,,,,,,,,,,,
,,,,,,,,,,,,,,,,,,,,,,,,,
,,,,,,,,,,,,,,,,,,,,,,,,,
,,,,,,,,,,,,,,,,,,,,,,,,,
,,,,,,,,,,,,,,,,,,,,,,,,,
,,,,,,,,,,,,,,,,,,,,,,,,,
,,,,,,,,,,,,,,,,,,,,,,,,,
,,,,,,,,,,,,,,,,,,,,,,,,,
,,,,,,,,,,,,,,,,,,,,,,,,,
,,,,,,,,,,,,,,,,,,,,,,,,,
,,,,,,,,,,,,,,,,,,,,,,,,,
,,,,,,,,,,,,,,,,,,,,,,,,,
,,,,,,,,,,,,,,,,,,,,,,,,,
,,,,,,,,,,,,,,,,,,,,,,,,,
,,,,,,,,,,,,,,,,,,,,,,,,,
,,,,,,,,,,,,,,,,,,,,,,,,,
,,,,,,,,,,,,,,,,,,,,,,,,,
,,,,,,,,,,,,,,,,,,,,,,,,,
,,,,,,,,,,,,,,,,,,,,,,,,,
,,,,,,,,,,,,,,,,,,,,,,,,,
,,,,,,,,,,,,,,,,,,,,,,,,,
,,,,,,,,,,,,,,,,,,,,,,,,,
,,,,,,,,,,,,,,,,,,,,,,,,,
,,,,,,,,,,,,,,,,,,,,,,,,,
,,,,,,,,,,,,,,,,,,,,,,,,,
,,,,,,,,,,,,,,,,,,,,,,,,,
,,,,,,,,,,,,,,,,,,,,,,,,,
,,,,,,,,,,,,,,,,,,,,,,,,,
,,,,,,,,,,,,,,,,,,,,,,,,,
,,,,,,,,,,,,,,,,,,,,,,,,,
,,,,,,,,,,,,,,,,,,,,,,,,,
,,,,,,,,,,,,,,,,,,,,,,,,,
,,,,,,,,,,,,,,,,,,,,,,,,,
,,,,,,,,,,,,,,,,,,,,,,,,,
,,,,,,,,,,,,,,,,,,,,,,,,,
,,,,,,,,,,,,,,,,,,,,,,,,,
,,,,,,,,,,,,,,,,,,,,,,,,,
,,,,,,,,,,,,,,,,,,,,,,,,,
,,,,,,,,,,,,,,,,,,,,,,,,,
,,,,,,,,,,,,,,,,,,,,,,,,,
,,,,,,,,,,,,,,,,,,,,,,,,,
,,,,,,,,,,,,,,,,,,,,,,,,,
,,,,,,,,,,,,,,,,,,,,,,,,,
,,,,,,,,,,,,,,,,,,,,,,,,,
,,,,,,,,,,,,,,,,,,,,,,,,,
,,,,,,,,,,,,,,,,,,,,,,,,,
,,,,,,,,,,,,,,,,,,,,,,,,,
,,,,,,,,,,,,,,,,,,,,,,,,,
,,,,,,,,,,,,,,,,,,,,,,,,,
,,,,,,,,,,,,,,,,,,,,,,,,,
,,,,,,,,,,,,,,,,,,,,,,,,,
,,,,,,,,,,,,,,,,,,,,,,,,,
,,,,,,,,,,,,,,,,,,,,,,,,,
,,,,,,,,,,,,,,,,,,,,,,,,,
,,,,,,,,,,,,,,,,,,,,,,,,,
,,,,,,,,,,,,,,,,,,,,,,,,,
,,,,,,,,,,,,,,,,,,,,,,,,,
,,,,,,,,,,,,,,,,,,,,,,,,,
,,,,,,,,,,,,,,,,,,,,,,,,,
,,,,,,,,,,,,,,,,,,,,,,,,,
,,,,,,,,,,,,,,,,,,,,,,,,,
,,,,,,,,,,,,,,,,,,,,,,,,,
,,,,,,,,,,,,,,,,,,,,,,,,,
,,,,,,,,,,,,,,,,,,,,,,,,,
,,,,,,,,,,,,,,,,,,,,,,,,,
,,,,,,,,,,,,,,,,,,,,,,,,,
,,,,,,,,,,,,,,,,,,,,,,,,,
,,,,,,,,,,,,,,,,,,,,,,,,,
,,,,,,,,,,,,,,,,,,,,,,,,,
,,,,,,,,,,,,,,,,,,,,,,,,,
,,,,,,,,,,,,,,,,,,,,,,,,,
,,,,,,,,,,,,,,,,,,,,,,,,,
,,,,,,,,,,,,,,,,,,,,,,,,,
,,,,,,,,,,,,,,,,,,,,,,,,,
,,,,,,,,,,,,,,,,,,,,,,,,,
,,,,,,,,,,,,,,,,,,,,,,,,,
,,,,,,,,,,,,,,,,,,,,,,,,,
,,,,,,,,,,,,,,,,,,,,,,,,,
,,,,,,,,,,,,,,,,,,,,,,,,,
,,,,,,,,,,,,,,,,,,,,,,,,,
,,,,,,,,,,,,,,,,,,,,,,,,,
,,,,,,,,,,,,,,,,,,,,,,,,,
,,,,,,,,,,,,,,,,,,,,,,,,,
,,,,,,,,,,,,,,,,,,,,,,,,,
,,,,,,,,,,,,,,,,,,,,,,,,,
,,,,,,,,,,,,,,,,,,,,,,,,,
,,,,,,,,,,,,,,,,,,,,,,,,,
,,,,,,,,,,,,,,,,,,,,,,,,,
,,,,,,,,,,,,,,,,,,,,,,,,,
,,,,,,,,,,,,,,,,,,,,,,,,,
,,,,,,,,,,,,,,,,,,,,,,,,,
,,,,,,,,,,,,,,,,,,,,,,,,,
,,,,,,,,,,,,,,,,,,,,,,,,,
,,,,,,,,,,,,,,,,,,,,,,,,,
,,,,,,,,,,,,,,,,,,,,,,,,,
,,,,,,,,,,,,,,,,,,,,,,,,,
,,,,,,,,,,,,,,,,,,,,,,,,,
,,,,,,,,,,,,,,,,,,,,,,,,,
,,,,,,,,,,,,,,,,,,,,,,,,,
,,,,,,,,,,,,,,,,,,,,,,,,,
,,,,,,,,,,,,,,,,,,,,,,,,,
,,,,,,,,,,,,,,,,,,,,,,,,,
,,,,,,,,,,,,,,,,,,,,,,,,,
,,,,,,,,,,,,,,,,,,,,,,,,,
,,,,,,,,,,,,,,,,,,,,,,,,,
,,,,,,,,,,,,,,,,,,,,,,,,,
,,,,,,,,,,,,,,,,,,,,,,,,,
,,,,,,,,,,,,,,,,,,,,,,,,,
,,,,,,,,,,,,,,,,,,,,,,,,,
,,,,,,,,,,,,,,,,,,,,,,,,,
,,,,,,,,,,,,,,,,,,,,,,,,,
,,,,,,,,,,,,,,,,,,,,,,,,,
,,,,,,,,,,,,,,,,,,,,,,,,,
,,,,,,,,,,,,,,,,,,,,,,,,,
,,,,,,,,,,,,,,,,,,,,,,,,,
,,,,,,,,,,,,,,,,,,,,,,,,,
,,,,,,,,,,,,,,,,,,,,,,,,,
,,,,,,,,,,,,,,,,,,,,,,,,,
,,,,,,,,,,,,,,,,,,,,,,,,,
,,,,,,,,,,,,,,,,,,,,,,,,,
,,,,,,,,,,,,,,,,,,,,,,,,,
,,,,,,,,,,,,,,,,,,,,,,,,,
,,,,,,,,,,,,,,,,,,,,,,,,,
,,,,,,,,,,,,,,,,,,,,,,,,,
,,,,,,,,,,,,,,,,,,,,,,,,,
,,,,,,,,,,,,,,,,,,,,,,,,,
,,,,,,,,,,,,,,,,,,,,,,,,,
,,,,,,,,,,,,,,,,,,,,,,,,,
,,,,,,,,,,,,,,,,,,,,,,,,,
,,,,,,,,,,,,,,,,,,,,,,,,,
,,,,,,,,,,,,,,,,,,,,,,,,,
,,,,,,,,,,,,,,,,,,,,,,,,,
,,,,,,,,,,,,,,,,,,,,,,,,,
,,,,,,,,,,,,,,,,,,,,,,,,,
,,,,,,,,,,,,,,,,,,,,,,,,,
,,,,,,,,,,,,,,,,,,,,,,,,,
,,,,,,,,,,,,,,,,,,,,,,,,,
,,,,,,,,,,,,,,,,,,,,,,,,,
,,,,,,,,,,,,,,,,,,,,,,,,,
,,,,,,,,,,,,,,,,,,,,,,,,,
,,,,,,,,,,,,,,,,,,,,,,,,,
,,,,,,,,,,,,,,,,,,,,,,,,,
,,,,,,,,,,,,,,,,,,,,,,,,,
,,,,,,,,,,,,,,,,,,,,,,,,,
,,,,,,,,,,,,,,,,,,,,,,,,,
,,,,,,,,,,,,,,,,,,,,,,,,,
,,,,,,,,,,,,,,,,,,,,,,,,,
,,,,,,,,,,,,,,,,,,,,,,,,,
,,,,,,,,,,,,,,,,,,,,,,,,,
,,,,,,,,,,,,,,,,,,,,,,,,,
,,,,,,,,,,,,,,,,,,,,,,,,,
,,,,,,,,,,,,,,,,,,,,,,,,,
,,,,,,,,,,,,,,,,,,,,,,,,,
,,,,,,,,,,,,,,,,,,,,,,,,,
,,,,,,,,,,,,,,,,,,,,,,,,,
,,,,,,,,,,,,,,,,,,,,,,,,,
,,,,,,,,,,,,,,,,,,,,,,,,,
,,,,,,,,,,,,,,,,,,,,,,,,,
,,,,,,,,,,,,,,,,,,,,,,,,,
,,,,,,,,,,,,,,,,,,,,,,,,,
,,,,,,,,,,,,,,,,,,,,,,,,,
,,,,,,,,,,,,,,,,,,,,,,,,,
,,,,,,,,,,,,,,,,,,,,,,,,,
,,,,,,,,,,,,,,,,,,,,,,,,,
,,,,,,,,,,,,,,,,,,,,,,,,,
,,,,,,,,,,,,,,,,,,,,,,,,,
,,,,,,,,,,,,,,,,,,,,,,,,,
,,,,,,,,,,,,,,,,,,,,,,,,,
,,,,,,,,,,,,,,,,,,,,,,,,,
,,,,,,,,,,,,,,,,,,,,,,,,,
,,,,,,,,,,,,,,,,,,,,,,,,,
,,,,,,,,,,,,,,,,,,,,,,,,,
,,,,,,,,,,,,,,,,,,,,,,,,,
,,,,,,,,,,,,,,,,,,,,,,,,,
,,,,,,,,,,,,,,,,,,,,,,,,,
,,,,,,,,,,,,,,,,,,,,,,,,,
,,,,,,,,,,,,,,,,,,,,,,,,,
,,,,,,,,,,,,,,,,,,,,,,,,,
,,,,,,,,,,,,,,,,,,,,,,,,,
,,,,,,,,,,,,,,,,,,,,,,,,,
,,,,,,,,,,,,,,,,,,,,,,,,,
,,,,,,,,,,,,,,,,,,,,,,,,,
,,,,,,,,,,,,,,,,,,,,,,,,,
,,,,,,,,,,,,,,,,,,,,,,,,,
,,,,,,,,,,,,,,,,,,,,,,,,,
,,,,,,,,,,,,,,,,,,,,,,,,,
,,,,,,,,,,,,,,,,,,,,,,,,,
,,,,,,,,,,,,,,,,,,,,,,,,,
,,,,,,,,,,,,,,,,,,,,,,,,,
,,,,,,,,,,,,,,,,,,,,,,,,,
,,,,,,,,,,,,,,,,,,,,,,,,,
,,,,,,,,,,,,,,,,,,,,,,,,,
,,,,,,,,,,,,,,,,,,,,,,,,,
,,,,,,,,,,,,,,,,,,,,,,,,,
,,,,,,,,,,,,,,,,,,,,,,,,,
,,,,,,,,,,,,,,,,,,,,,,,,,
,,,,,,,,,,,,,,,,,,,,,,,,,
,,,,,,,,,,,,,,,,,,,,,,,,,
,,,,,,,,,,,,,,,,,,,,,,,,,
,,,,,,,,,,,,,,,,,,,,,,,,,
,,,,,,,,,,,,,,,,,,,,,,,,,
,,,,,,,,,,,,,,,,,,,,,,,,,
,,,,,,,,,,,,,,,,,,,,,,,,,
,,,,,,,,,,,,,,,,,,,,,,,,,
,,,,,,,,,,,,,,,,,,,,,,,,,
,,,,,,,,,,,,,,,,,,,,,,,,,
,,,,,,,,,,,,,,,,,,,,,,,,,
,,,,,,,,,,,,,,,,,,,,,,,,,
,,,,,,,,,,,,,,,,,,,,,,,,,
,,,,,,,,,,,,,,,,,,,,,,,,,
,,,,,,,,,,,,,,,,,,,,,,,,,
,,,,,,,,,,,,,,,,,,,,,,,,,
,,,,,,,,,,,,,,,,,,,,,,,,,
,,,,,,,,,,,,,,,,,,,,,,,,,
,,,,,,,,,,,,,,,,,,,,,,,,,
,,,,,,,,,,,,,,,,,,,,,,,,,
,,,,,,,,,,,,,,,,,,,,,,,,,
,,,,,,,,,,,,,,,,,,,,,,,,,
,,,,,,,,,,,,,,,,,,,,,,,,,
,,,,,,,,,,,,,,,,,,,,,,,,,
,,,,,,,,,,,,,,,,,,,,,,,,,
,,,,,,,,,,,,,,,,,,,,,,,,,
,,,,,,,,,,,,,,,,,,,,,,,,,
,,,,,,,,,,,,,,,,,,,,,,,,,
,,,,,,,,,,,,,,,,,,,,,,,,,
,,,,,,,,,,,,,,,,,,,,,,,,,
,,,,,,,,,,,,,,,,,,,,,,,,,
,,,,,,,,,,,,,,,,,,,,,,,,,
,,,,,,,,,,,,,,,,,,,,,,,,,
,,,,,,,,,,,,,,,,,,,,,,,,,
,,,,,,,,,,,,,,,,,,,,,,,,,
,,,,,,,,,,,,,,,,,,,,,,,,,
,,,,,,,,,,,,,,,,,,,,,,,,,
,,,,,,,,,,,,,,,,,,,,,,,,,
,,,,,,,,,,,,,,,,,,,,,,,,,
,,,,,,,,,,,,,,,,,,,,,,,,,
,,,,,,,,,,,,,,,,,,,,,,,,,
,,,,,,,,,,,,,,,,,,,,,,,,,
,,,,,,,,,,,,,,,,,,,,,,,,,
,,,,,,,,,,,,,,,,,,,,,,,,,
,,,,,,,,,,,,,,,,,,,,,,,,,
,,,,,,,,,,,,,,,,,,,,,,,,,
,,,,,,,,,,,,,,,,,,,,,,,,,
,,,,,,,,,,,,,,,,,,,,,,,,,
,,,,,,,,,,,,,,,,,,,,,,,,,
,,,,,,,,,,,,,,,,,,,,,,,,,
,,,,,,,,,,,,,,,,,,,,,,,,,
,,,,,,,,,,,,,,,,,,,,,,,,,
,,,,,,,,,,,,,,,,,,,,,,,,,
,,,,,,,,,,,,,,,,,,,,,,,,,
,,,,,,,,,,,,,,,,,,,,,,,,,
,,,,,,,,,,,,,,,,,,,,,,,,,
,,,,,,,,,,,,,,,,,,,,,,,,,
,,,,,,,,,,,,,,,,,,,,,,,,,
,,,,,,,,,,,,,,,,,,,,,,,,,
,,,,,,,,,,,,,,,,,,,,,,,,,
,,,,,,,,,,,,,,,,,,,,,,,,,
,,,,,,,,,,,,,,,,,,,,,,,,,
,,,,,,,,,,,,,,,,,,,,,,,,,
,,,,,,,,,,,,,,,,,,,,,,,,,
,,,,,,,,,,,,,,,,,,,,,,,,,
,,,,,,,,,,,,,,,,,,,,,,,,,
,,,,,,,,,,,,,,,,,,,,,,,,,
,,,,,,,,,,,,,,,,,,,,,,,,,
,,,,,,,,,,,,,,,,,,,,,,,,,
,,,,,,,,,,,,,,,,,,,,,,,,,
,,,,,,,,,,,,,,,,,,,,,,,,,
,,,,,,,,,,,,,,,,,,,,,,,,,
,,,,,,,,,,,,,,,,,,,,,,,,,
,,,,,,,,,,,,,,,,,,,,,,,,,
,,,,,,,,,,,,,,,,,,,,,,,,,
,,,,,,,,,,,,,,,,,,,,,,,,,
,,,,,,,,,,,,,,,,,,,,,,,,,
,,,,,,,,,,,,,,,,,,,,,,,,,
,,,,,,,,,,,,,,,,,,,,,,,,,
,,,,,,,,,,,,,,,,,,,,,,,,,
,,,,,,,,,,,,,,,,,,,,,,,,,
,,,,,,,,,,,,,,,,,,,,,,,,,
,,,,,,,,,,,,,,,,,,,,,,,,,
,,,,,,,,,,,,,,,,,,,,,,,,,
,,,,,,,,,,,,,,,,,,,,,,,,,
,,,,,,,,,,,,,,,,,,,,,,,,,
,,,,,,,,,,,,,,,,,,,,,,,,,
,,,,,,,,,,,,,,,,,,,,,,,,,
,,,,,,,,,,,,,,,,,,,,,,,,,
,,,,,,,,,,,,,,,,,,,,,,,,,
,,,,,,,,,,,,,,,,,,,,,,,,,
,,,,,,,,,,,,,,,,,,,,,,,,,
,,,,,,,,,,,,,,,,,,,,,,,,,
,,,,,,,,,,,,,,,,,,,,,,,,,
,,,,,,,,,,,,,,,,,,,,,,,,,
,,,,,,,,,,,,,,,,,,,,,,,,,
,,,,,,,,,,,,,,,,,,,,,,,,,
,,,,,,,,,,,,,,,,,,,,,,,,,
,,,,,,,,,,,,,,,,,,,,,,,,,
,,,,,,,,,,,,,,,,,,,,,,,,,
,,,,,,,,,,,,,,,,,,,,,,,,,
,,,,,,,,,,,,,,,,,,,,,,,,,
,,,,,,,,,,,,,,,,,,,,,,,,,
,,,,,,,,,,,,,,,,,,,,,,,,,
,,,,,,,,,,,,,,,,,,,,,,,,,
,,,,,,,,,,,,,,,,,,,,,,,,,
,,,,,,,,,,,,,,,,,,,,,,,,,
,,,,,,,,,,,,,,,,,,,,,,,,,
,,,,,,,,,,,,,,,,,,,,,,,,,
,,,,,,,,,,,,,,,,,,,,,,,,,
,,,,,,,,,,,,,,,,,,,,,,,,,
,,,,,,,,,,,,,,,,,,,,,,,,,
,,,,,,,,,,,,,,,,,,,,,,,,,
,,,,,,,,,,,,,,,,,,,,,,,,,
,,,,,,,,,,,,,,,,,,,,,,,,,
,,,,,,,,,,,,,,,,,,,,,,,,,
,,,,,,,,,,,,,,,,,,,,,,,,,
,,,,,,,,,,,,,,,,,,,,,,,,,
,,,,,,,,,,,,,,,,,,,,,,,,,
,,,,,,,,,,,,,,,,,,,,,,,,,
,,,,,,,,,,,,,,,,,,,,,,,,,
,,,,,,,,,,,,,,,,,,,,,,,,,
,,,,,,,,,,,,,,,,,,,,,,,,,
,,,,,,,,,,,,,,,,,,,,,,,,,
,,,,,,,,,,,,,,,,,,,,,,,,,
,,,,,,,,,,,,,,,,,,,,,,,,,
,,,,,,,,,,,,,,,,,,,,,,,,,
,,,,,,,,,,,,,,,,,,,,,,,,,
,,,,,,,,,,,,,,,,,,,,,,,,,
,,,,,,,,,,,,,,,,,,,,,,,,,
,,,,,,,,,,,,,,,,,,,,,,,,,
,,,,,,,,,,,,,,,,,,,,,,,,,
,,,,,,,,,,,,,,,,,,,,,,,,,
,,,,,,,,,,,,,,,,,,,,,,,,,
,,,,,,,,,,,,,,,,,,,,,,,,,
,,,,,,,,,,,,,,,,,,,,,,,,,
,,,,,,,,,,,,,,,,,,,,,,,,,
,,,,,,,,,,,,,,,,,,,,,,,,,
,,,,,,,,,,,,,,,,,,,,,,,,,
,,,,,,,,,,,,,,,,,,,,,,,,,
,,,,,,,,,,,,,,,,,,,,,,,,,
,,,,,,,,,,,,,,,,,,,,,,,,,
,,,,,,,,,,,,,,,,,,,,,,,,,
,,,,,,,,,,,,,,,,,,,,,,,,,
,,,,,,,,,,,,,,,,,,,,,,,,,
,,,,,,,,,,,,,,,,,,,,,,,,,
,,,,,,,,,,,,,,,,,,,,,,,,,
,,,,,,,,,,,,,,,,,,,,,,,,,
,,,,,,,,,,,,,,,,,,,,,,,,,
,,,,,,,,,,,,,,,,,,,,,,,,,
,,,,,,,,,,,,,,,,,,,,,,,,,
,,,,,,,,,,,,,,,,,,,,,,,,,
,,,,,,,,,,,,,,,,,,,,,,,,,
,,,,,,,,,,,,,,,,,,,,,,,,,
,,,,,,,,,,,,,,,,,,,,,,,,,
,,,,,,,,,,,,,,,,,,,,,,,,,
,,,,,,,,,,,,,,,,,,,,,,,,,
,,,,,,,,,,,,,,,,,,,,,,,,,
,,,,,,,,,,,,,,,,,,,,,,,,,
,,,,,,,,,,,,,,,,,,,,,,,,,
,,,,,,,,,,,,,,,,,,,,,,,,,
,,,,,,,,,,,,,,,,,,,,,,,,,
,,,,,,,,,,,,,,,,,,,,,,,,,
,,,,,,,,,,,,,,,,,,,,,,,,,
,,,,,,,,,,,,,,,,,,,,,,,,,
,,,,,,,,,,,,,,,,,,,,,,,,,
,,,,,,,,,,,,,,,,,,,,,,,,,
,,,,,,,,,,,,,,,,,,,,,,,,,
,,,,,,,,,,,,,,,,,,,,,,,,,
,,,,,,,,,,,,,,,,,,,,,,,,,
,,,,,,,,,,,,,,,,,,,,,,,,,
,,,,,,,,,,,,,,,,,,,,,,,,,
,,,,,,,,,,,,,,,,,,,,,,,,,
,,,,,,,,,,,,,,,,,,,,,,,,,
,,,,,,,,,,,,,,,,,,,,,,,,,
,,,,,,,,,,,,,,,,,,,,,,,,,
,,,,,,,,,,,,,,,,,,,,,,,,,
,,,,,,,,,,,,,,,,,,,,,,,,,
,,,,,,,,,,,,,,,,,,,,,,,,,
,,,,,,,,,,,,,,,,,,,,,,,,,
,,,,,,,,,,,,,,,,,,,,,,,,,
,,,,,,,,,,,,,,,,,,,,,,,,,
,,,,,,,,,,,,,,,,,,,,,,,,,
,,,,,,,,,,,,,,,,,,,,,,,,,
,,,,,,,,,,,,,,,,,,,,,,,,,
,,,,,,,,,,,,,,,,,,,,,,,,,
,,,,,,,,,,,,,,,,,,,,,,,,,
,,,,,,,,,,,,,,,,,,,,,,,,,
,,,,,,,,,,,,,,,,,,,,,,,,,
,,,,,,,,,,,,,,,,,,,,,,,,,
,,,,,,,,,,,,,,,,,,,,,,,,,
,,,,,,,,,,,,,,,,,,,,,,,,,
,,,,,,,,,,,,,,,,,,,,,,,,,
,,,,,,,,,,,,,,,,,,,,,,,,,
,,,,,,,,,,,,,,,,,,,,,,,,,
,,,,,,,,,,,,,,,,,,,,,,,,,
,,,,,,,,,,,,,,,,,,,,,,,,,
,,,,,,,,,,,,,,,,,,,,,,,,,
,,,,,,,,,,,,,,,,,,,,,,,,,
,,,,,,,,,,,,,,,,,,,,,,,,,
,,,,,,,,,,,,,,,,,,,,,,,,,
,,,,,,,,,,,,,,,,,,,,,,,,,
,,,,,,,,,,,,,,,,,,,,,,,,,
,,,,,,,,,,,,,,,,,,,,,,,,,
,,,,,,,,,,,,,,,,,,,,,,,,,
,,,,,,,,,,,,,,,,,,,,,,,,,
,,,,,,,,,,,,,,,,,,,,,,,,,
,,,,,,,,,,,,,,,,,,,,,,,,,
,,,,,,,,,,,,,,,,,,,,,,,,,
,,,,,,,,,,,,,,,,,,,,,,,,,
,,,,,,,,,,,,,,,,,,,,,,,,,
,,,,,,,,,,,,,,,,,,,,,,,,,
,,,,,,,,,,,,,,,,,,,,,,,,,
,,,,,,,,,,,,,,,,,,,,,,,,,
,,,,,,,,,,,,,,,,,,,,,,,,,
,,,,,,,,,,,,,,,,,,,,,,,,,
,,,,,,,,,,,,,,,,,,,,,,,,,
,,,,,,,,,,,,,,,,,,,,,,,,,
,,,,,,,,,,,,,,,,,,,,,,,,,
,,,,,,,,,,,,,,,,,,,,,,,,,
,,,,,,,,,,,,,,,,,,,,,,,,,
,,,,,,,,,,,,,,,,,,,,,,,,,
,,,,,,,,,,,,,,,,,,,,,,,,,
,,,,,,,,,,,,,,,,,,,,,,,,,
,,,,,,,,,,,,,,,,,,,,,,,,,
,,,,,,,,,,,,,,,,,,,,,,,,,
,,,,,,,,,,,,,,,,,,,,,,,,,
,,,,,,,,,,,,,,,,,,,,,,,,,
,,,,,,,,,,,,,,,,,,,,,,,,,
,,,,,,,,,,,,,,,,,,,,,,,,,
,,,,,,,,,,,,,,,,,,,,,,,,,
,,,,,,,,,,,,,,,,,,,,,,,,,
,,,,,,,,,,,,,,,,,,,,,,,,,
,,,,,,,,,,,,,,,,,,,,,,,,,
,,,,,,,,,,,,,,,,,,,,,,,,,
,,,,,,,,,,,,,,,,,,,,,,,,,
,,,,,,,,,,,,,,,,,,,,,,,,,
,,,,,,,,,,,,,,,,,,,,,,,,,
,,,,,,,,,,,,,,,,,,,,,,,,,
,,,,,,,,,,,,,,,,,,,,,,,,,
,,,,,,,,,,,,,,,,,,,,,,,,,
,,,,,,,,,,,,,,,,,,,,,,,,,
,,,,,,,,,,,,,,,,,,,,,,,,,
,,,,,,,,,,,,,,,,,,,,,,,,,
,,,,,,,,,,,,,,,,,,,,,,,,,
,,,,,,,,,,,,,,,,,,,,,,,,,
,,,,,,,,,,,,,,,,,,,,,,,,,
,,,,,,,,,,,,,,,,,,,,,,,,,
,,,,,,,,,,,,,,,,,,,,,,,,,
,,,,,,,,,,,,,,,,,,,,,,,,,
,,,,,,,,,,,,,,,,,,,,,,,,,
,,,,,,,,,,,,,,,,,,,,,,,,,
,,,,,,,,,,,,,,,,,,,,,,,,,
,,,,,,,,,,,,,,,,,,,,,,,,,
,,,,,,,,,,,,,,,,,,,,,,,,,
,,,,,,,,,,,,,,,,,,,,,,,,,
,,,,,,,,,,,,,,,,,,,,,,,,,
,,,,,,,,,,,,,,,,,,,,,,,,,
,,,,,,,,,,,,,,,,,,,,,,,,,
,,,,,,,,,,,,,,,,,,,,,,,,,
,,,,,,,,,,,,,,,,,,,,,,,,,
,,,,,,,,,,,,,,,,,,,,,,,,,
,,,,,,,,,,,,,,,,,,,,,,,,,
,,,,,,,,,,,,,,,,,,,,,,,,,
,,,,,,,,,,,,,,,,,,,,,,,,,
,,,,,,,,,,,,,,,,,,,,,,,,,
,,,,,,,,,,,,,,,,,,,,,,,,,
,,,,,,,,,,,,,,,,,,,,,,,,,
,,,,,,,,,,,,,,,,,,,,,,,,,
,,,,,,,,,,,,,,,,,,,,,,,,,
,,,,,,,,,,,,,,,,,,,,,,,,,
,,,,,,,,,,,,,,,,,,,,,,,,,
,,,,,,,,,,,,,,,,,,,,,,,,,
,,,,,,,,,,,,,,,,,,,,,,,,,
,,,,,,,,,,,,,,,,,,,,,,,,,
,,,,,,,,,,,,,,,,,,,,,,,,,
,,,,,,,,,,,,,,,,,,,,,,,,,
,,,,,,,,,,,,,,,,,,,,,,,,,
,,,,,,,,,,,,,,,,,,,,,,,,,
,,,,,,,,,,,,,,,,,,,,,,,,,
,,,,,,,,,,,,,,,,,,,,,,,,,
,,,,,,,,,,,,,,,,,,,,,,,,,
,,,,,,,,,,,,,,,,,,,,,,,,,
,,,,,,,,,,,,,,,,,,,,,,,,,
,,,,,,,,,,,,,,,,,,,,,,,,,
,,,,,,,,,,,,,,,,,,,,,,,,,
,,,,,,,,,,,,,,,,,,,,,,,,,
,,,,,,,,,,,,,,,,,,,,,,,,,
,,,,,,,,,,,,,,,,,,,,,,,,,
,,,,,,,,,,,,,,,,,,,,,,,,,
,,,,,,,,,,,,,,,,,,,,,,,,,
,,,,,,,,,,,,,,,,,,,,,,,,,
,,,,,,,,,,,,,,,,,,,,,,,,,
,,,,,,,,,,,,,,,,,,,,,,,,,
,,,,,,,,,,,,,,,,,,,,,,,,,
,,,,,,,,,,,,,,,,,,,,,,,,,
,,,,,,,,,,,,,,,,,,,,,,,,,
,,,,,,,,,,,,,,,,,,,,,,,,,
,,,,,,,,,,,,,,,,,,,,,,,,,
,,,,,,,,,,,,,,,,,,,,,,,,,
,,,,,,,,,,,,,,,,,,,,,,,,,
,,,,,,,,,,,,,,,,,,,,,,,,,
,,,,,,,,,,,,,,,,,,,,,,,,,
,,,,,,,,,,,,,,,,,,,,,,,,,
,,,,,,,,,,,,,,,,,,,,,,,,,
,,,,,,,,,,,,,,,,,,,,,,,,,
,,,,,,,,,,,,,,,,,,,,,,,,,
,,,,,,,,,,,,,,,,,,,,,,,,,
,,,,,,,,,,,,,,,,,,,,,,,,,
,,,,,,,,,,,,,,,,,,,,,,,,,
,,,,,,,,,,,,,,,,,,,,,,,,,
,,,,,,,,,,,,,,,,,,,,,,,,,
,,,,,,,,,,,,,,,,,,,,,,,,,
,,,,,,,,,,,,,,,,,,,,,,,,,
,,,,,,,,,,,,,,,,,,,,,,,,,
,,,,,,,,,,,,,,,,,,,,,,,,,
,,,,,,,,,,,,,,,,,,,,,,,,,
,,,,,,,,,,,,,,,,,,,,,,,,,
,,,,,,,,,,,,,,,,,,,,,,,,,
,,,,,,,,,,,,,,,,,,,,,,,,,
,,,,,,,,,,,,,,,,,,,,,,,,,
,,,,,,,,,,,,,,,,,,,,,,,,,
,,,,,,,,,,,,,,,,,,,,,,,,,
,,,,,,,,,,,,,,,,,,,,,,,,,
,,,,,,,,,,,,,,,,,,,,,,,,,
,,,,,,,,,,,,,,,,,,,,,,,,,
,,,,,,,,,,,,,,,,,,,,,,,,,
,,,,,,,,,,,,,,,,,,,,,,,,,
,,,,,,,,,,,,,,,,,,,,,,,,,
,,,,,,,,,,,,,,,,,,,,,,,,,
,,,,,,,,,,,,,,,,,,,,,,,,,
,,,,,,,,,,,,,,,,,,,,,,,,,
,,,,,,,,,,,,,,,,,,,,,,,,,
,,,,,,,,,,,,,,,,,,,,,,,,,
,,,,,,,,,,,,,,,,,,,,,,,,,
,,,,,,,,,,,,,,,,,,,,,,,,,
,,,,,,,,,,,,,,,,,,,,,,,,,
,,,,,,,,,,,,,,,,,,,,,,,,,
,,,,,,,,,,,,,,,,,,,,,,,,,
,,,,,,,,,,,,,,,,,,,,,,,,,
,,,,,,,,,,,,,,,,,,,,,,,,,
,,,,,,,,,,,,,,,,,,,,,,,,,
,,,,,,,,,,,,,,,,,,,,,,,,,
,,,,,,,,,,,,,,,,,,,,,,,,,
,,,,,,,,,,,,,,,,,,,,,,,,,
,,,,,,,,,,,,,,,,,,,,,,,,,
,,,,,,,,,,,,,,,,,,,,,,,,,
,,,,,,,,,,,,,,,,,,,,,,,,,
,,,,,,,,,,,,,,,,,,,,,,,,,
,,,,,,,,,,,,,,,,,,,,,,,,,
,,,,,,,,,,,,,,,,,,,,,,,,,
,,,,,,,,,,,,,,,,,,,,,,,,,
,,,,,,,,,,,,,,,,,,,,,,,,,
,,,,,,,,,,,,,,,,,,,,,,,,,
,,,,,,,,,,,,,,,,,,,,,,,,,
,,,,,,,,,,,,,,,,,,,,,,,,,
,,,,,,,,,,,,,,,,,,,,,,,,,
,,,,,,,,,,,,,,,,,,,,,,,,,
,,,,,,,,,,,,,,,,,,,,,,,,,
,,,,,,,,,,,,,,,,,,,,,,,,,
,,,,,,,,,,,,,,,,,,,,,,,,,
,,,,,,,,,,,,,,,,,,,,,,,,,
,,,,,,,,,,,,,,,,,,,,,,,,,
,,,,,,,,,,,,,,,,,,,,,,,,,
,,,,,,,,,,,,,,,,,,,,,,,,,
,,,,,,,,,,,,,,,,,,,,,,,,,
,,,,,,,,,,,,,,,,,,,,,,,,,
,,,,,,,,,,,,,,,,,,,,,,,,,
,,,,,,,,,,,,,,,,,,,,,,,,,
,,,,,,,,,,,,,,,,,,,,,,,,,
,,,,,,,,,,,,,,,,,,,,,,,,,
,,,,,,,,,,,,,,,,,,,,,,,,,
,,,,,,,,,,,,,,,,,,,,,,,,,
,,,,,,,,,,,,,,,,,,,,,,,,,
,,,,,,,,,,,,,,,,,,,,,,,,,
,,,,,,,,,,,,,,,,,,,,,,,,,
,,,,,,,,,,,,,,,,,,,,,,,,,
,,,,,,,,,,,,,,,,,,,,,,,,,
,,,,,,,,,,,,,,,,,,,,,,,,,
,,,,,,,,,,,,,,,,,,,,,,,,,
,,,,,,,,,,,,,,,,,,,,,,,,,
,,,,,,,,,,,,,,,,,,,,,,,,,
,,,,,,,,,,,,,,,,,,,,,,,,,
,,,,,,,,,,,,,,,,,,,,,,,,,
,,,,,,,,,,,,,,,,,,,,,,,,,
,,,,,,,,,,,,,,,,,,,,,,,,,
,,,,,,,,,,,,,,,,,,,,,,,,,
,,,,,,,,,,,,,,,,,,,,,,,,,
,,,,,,,,,,,,,,,,,,,,,,,,,
,,,,,,,,,,,,,,,,,,,,,,,,,
,,,,,,,,,,,,,,,,,,,,,,,,,
,,,,,,,,,,,,,,,,,,,,,,,,,
,,,,,,,,,,,,,,,,,,,,,,,,,
,,,,,,,,,,,,,,,,,,,,,,,,,
,,,,,,,,,,,,,,,,,,,,,,,,,
,,,,,,,,,,,,,,,,,,,,,,,,,
,,,,,,,,,,,,,,,,,,,,,,,,,
,,,,,,,,,,,,,,,,,,,,,,,,,
,,,,,,,,,,,,,,,,,,,,,,,,,
,,,,,,,,,,,,,,,,,,,,,,,,,
,,,,,,,,,,,,,,,,,,,,,,,,,
,,,,,,,,,,,,,,,,,,,,,,,,,
,,,,,,,,,,,,,,,,,,,,,,,,,
,,,,,,,,,,,,,,,,,,,,,,,,,
,,,,,,,,,,,,,,,,,,,,,,,,,
,,,,,,,,,,,,,,,,,,,,,,,,,
,,,,,,,,,,,,,,,,,,,,,,,,,
,,,,,,,,,,,,,,,,,,,,,,,,,
,,,,,,,,,,,,,,,,,,,,,,,,,
,,,,,,,,,,,,,,,,,,,,,,,,,
,,,,,,,,,,,,,,,,,,,,,,,,,
,,,,,,,,,,,,,,,,,,,,,,,,,
,,,,,,,,,,,,,,,,,,,,,,,,,
,,,,,,,,,,,,,,,,,,,,,,,,,
,,,,,,,,,,,,,,,,,,,,,,,,,
,,,,,,,,,,,,,,,,,,,,,,,,,
,,,,,,,,,,,,,,,,,,,,,,,,,
,,,,,,,,,,,,,,,,,,,,,,,,,
,,,,,,,,,,,,,,,,,,,,,,,,,
,,,,,,,,,,,,,,,,,,,,,,,,,
,,,,,,,,,,,,,,,,,,,,,,,,,
,,,,,,,,,,,,,,,,,,,,,,,,,
,,,,,,,,,,,,,,,,,,,,,,,,,
,,,,,,,,,,,,,,,,,,,,,,,,,
,,,,,,,,,,,,,,,,,,,,,,,,,
,,,,,,,,,,,,,,,,,,,,,,,,,
,,,,,,,,,,,,,,,,,,,,,,,,,
,,,,,,,,,,,,,,,,,,,,,,,,,
,,,,,,,,,,,,,,,,,,,,,,,,,
,,,,,,,,,,,,,,,,,,,,,,,,,
,,,,,,,,,,,,,,,,,,,,,,,,,
,,,,,,,,,,,,,,,,,,,,,,,,,
,,,,,,,,,,,,,,,,,,,,,,,,,
,,,,,,,,,,,,,,,,,,,,,,,,,
,,,,,,,,,,,,,,,,,,,,,,,,,
,,,,,,,,,,,,,,,,,,,,,,,,,
,,,,,,,,,,,,,,,,,,,,,,,,,
,,,,,,,,,,,,,,,,,,,,,,,,,
,,,,,,,,,,,,,,,,,,,,,,,,,
,,,,,,,,,,,,,,,,,,,,,,,,,
,,,,,,,,,,,,,,,,,,,,,,,,,
,,,,,,,,,,,,,,,,,,,,,,,,,
,,,,,,,,,,,,,,,,,,,,,,,,,
,,,,,,,,,,,,,,,,,,,,,,,,,
,,,,,,,,,,,,,,,,,,,,,,,,,
,,,,,,,,,,,,,,,,,,,,,,,,,
,,,,,,,,,,,,,,,,,,,,,,,,,
,,,,,,,,,,,,,,,,,,,,,,,,,
,,,,,,,,,,,,,,,,,,,,,,,,,
,,,,,,,,,,,,,,,,,,,,,,,,,
,,,,,,,,,,,,,,,,,,,,,,,,,
,,,,,,,,,,,,,,,,,,,,,,,,,
,,,,,,,,,,,,,,,,,,,,,,,,,
,,,,,,,,,,,,,,,,,,,,,,,,,
,,,,,,,,,,,,,,,,,,,,,,,,,
,,,,,,,,,,,,,,,,,,,,,,,,,
,,,,,,,,,,,,,,,,,,,,,,,,,
,,,,,,,,,,,,,,,,,,,,,,,,,
,,,,,,,,,,,,,,,,,,,,,,,,,
,,,,,,,,,,,,,,,,,,,,,,,,,
,,,,,,,,,,,,,,,,,,,,,,,,,
,,,,,,,,,,,,,,,,,,,,,,,,,
,,,,,,,,,,,,,,,,,,,,,,,,,
,,,,,,,,,,,,,,,,,,,,,,,,,
,,,,,,,,,,,,,,,,,,,,,,,,,
,,,,,,,,,,,,,,,,,,,,,,,,,
,,,,,,,,,,,,,,,,,,,,,,,,,
,,,,,,,,,,,,,,,,,,,,,,,,,
,,,,,,,,,,,,,,,,,,,,,,,,,
,,,,,,,,,,,,,,,,,,,,,,,,,
,,,,,,,,,,,,,,,,,,,,,,,,,
,,,,,,,,,,,,,,,,,,,,,,,,,
,,,,,,,,,,,,,,,,,,,,,,,,,
,,,,,,,,,,,,,,,,,,,,,,,,,
,,,,,,,,,,,,,,,,,,,,,,,,,
,,,,,,,,,,,,,,,,,,,,,,,,,
,,,,,,,,,,,,,,,,,,,,,,,,,
,,,,,,,,,,,,,,,,,,,,,,,,,
,,,,,,,,,,,,,,,,,,,,,,,,,
,,,,,,,,,,,,,,,,,,,,,,,,,
,,,,,,,,,,,,,,,,,,,,,,,,,
,,,,,,,,,,,,,,,,,,,,,,,,,
,,,,,,,,,,,,,,,,,,,,,,,,,
,,,,,,,,,,,,,,,,,,,,,,,,,
,,,,,,,,,,,,,,,,,,,,,,,,,
,,,,,,,,,,,,,,,,,,,,,,,,,
,,,,,,,,,,,,,,,,,,,,,,,,,
,,,,,,,,,,,,,,,,,,,,,,,,,
,,,,,,,,,,,,,,,,,,,,,,,,,
,,,,,,,,,,,,,,,,,,,,,,,,,
,,,,,,,,,,,,,,,,,,,,,,,,,
,,,,,,,,,,,,,,,,,,,,,,,,,
,,,,,,,,,,,,,,,,,,,,,,,,,
,,,,,,,,,,,,,,,,,,,,,,,,,
,,,,,,,,,,,,,,,,,,,,,,,,,
,,,,,,,,,,,,,,,,,,,,,,,,,
,,,,,,,,,,,,,,,,,,,,,,,,,
,,,,,,,,,,,,,,,,,,,,,,,,,
,,,,,,,,,,,,,,,,,,,,,,,,,
,,,,,,,,,,,,,,,,,,,,,,,,,
,,,,,,,,,,,,,,,,,,,,,,,,,
,,,,,,,,,,,,,,,,,,,,,,,,,
,,,,,,,,,,,,,,,,,,,,,,,,,
,,,,,,,,,,,,,,,,,,,,,,,,,
,,,,,,,,,,,,,,,,,,,,,,,,,
,,,,,,,,,,,,,,,,,,,,,,,,,
,,,,,,,,,,,,,,,,,,,,,,,,,
,,,,,,,,,,,,,,,,,,,,,,,,,
,,,,,,,,,,,,,,,,,,,,,,,,,
,,,,,,,,,,,,,,,,,,,,,,,,,
,,,,,,,,,,,,,,,,,,,,,,,,,
,,,,,,,,,,,,,,,,,,,,,,,,,
,,,,,,,,,,,,,,,,,,,,,,,,,
,,,,,,,,,,,,,,,,,,,,,,,,,
,,,,,,,,,,,,,,,,,,,,,,,,,
,,,,,,,,,,,,,,,,,,,,,,,,,
,,,,,,,,,,,,,,,,,,,,,,,,,
,,,,,,,,,,,,,,,,,,,,,,,,,
,,,,,,,,,,,,,,,,,,,,,,,,,
,,,,,,,,,,,,,,,,,,,,,,,,,
,,,,,,,,,,,,,,,,,,,,,,,,,
,,,,,,,,,,,,,,,,,,,,,,,,,
,,,,,,,,,,,,,,,,,,,,,,,,,
,,,,,,,,,,,,,,,,,,,,,,,,,
,,,,,,,,,,,,,,,,,,,,,,,,,
,,,,,,,,,,,,,,,,,,,,,,,,,
,,,,,,,,,,,,,,,,,,,,,,,,,
,,,,,,,,,,,,,,,,,,,,,,,,,
,,,,,,,,,,,,,,,,,,,,,,,,,
,,,,,,,,,,,,,,,,,,,,,,,,,
,,,,,,,,,,,,,,,,,,,,,,,,,
,,,,,,,,,,,,,,,,,,,,,,,,,
,,,,,,,,,,,,,,,,,,,,,,,,,
,,,,,,,,,,,,,,,,,,,,,,,,,
,,,,,,,,,,,,,,,,,,,,,,,,,
,,,,,,,,,,,,,,,,,,,,,,,,,
,,,,,,,,,,,,,,,,,,,,,,,,,
,,,,,,,,,,,,,,,,,,,,,,,,,
,,,,,,,,,,,,,,,,,,,,,,,,,
,,,,,,,,,,,,,,,,,,,,,,,,,
,,,,,,,,,,,,,,,,,,,,,,,,,
,,,,,,,,,,,,,,,,,,,,,,,,,
,,,,,,,,,,,,,,,,,,,,,,,,,
,,,,,,,,,,,,,,,,,,,,,,,,,
,,,,,,,,,,,,,,,,,,,,,,,,,
,,,,,,,,,,,,,,,,,,,,,,,,,
,,,,,,,,,,,,,,,,,,,,,,,,,
,,,,,,,,,,,,,,,,,,,,,,,,,
,,,,,,,,,,,,,,,,,,,,,,,,,
,,,,,,,,,,,,,,,,,,,,,,,,,
,,,,,,,,,,,,,,,,,,,,,,,,,
,,,,,,,,,,,,,,,,,,,,,,,,,
,,,,,,,,,,,,,,,,,,,,,,,,,
,,,,,,,,,,,,,,,,,,,,,,,,,
,,,,,,,,,,,,,,,,,,,,,,,,,
,,,,,,,,,,,,,,,,,,,,,,,,,
,,,,,,,,,,,,,,,,,,,,,,,,,
,,,,,,,,,,,,,,,,,,,,,,,,,
,,,,,,,,,,,,,,,,,,,,,,,,,
,,,,,,,,,,,,,,,,,,,,,,,,,
,,,,,,,,,,,,,,,,,,,,,,,,,
,,,,,,,,,,,,,,,,,,,,,,,,,
,,,,,,,,,,,,,,,,,,,,,,,,,
,,,,,,,,,,,,,,,,,,,,,,,,,
,,,,,,,,,,,,,,,,,,,,,,,,,
,,,,,,,,,,,,,,,,,,,,,,,,,
,,,,,,,,,,,,,,,,,,,,,,,,,
,,,,,,,,,,,,,,,,,,,,,,,,,
,,,,,,,,,,,,,,,,,,,,,,,,,
,,,,,,,,,,,,,,,,,,,,,,,,,
,,,,,,,,,,,,,,,,,,,,,,,,,
,,,,,,,,,,,,,,,,,,,,,,,,,
,,,,,,,,,,,,,,,,,,,,,,,,,
,,,,,,,,,,,,,,,,,,,,,,,,,
,,,,,,,,,,,,,,,,,,,,,,,,,
,,,,,,,,,,,,,,,,,,,,,,,,,
,,,,,,,,,,,,,,,,,,,,,,,,,
,,,,,,,,,,,,,,,,,,,,,,,,,
,,,,,,,,,,,,,,,,,,,,,,,,,
,,,,,,,,,,,,,,,,,,,,,,,,,
,,,,,,,,,,,,,,,,,,,,,,,,,
,,,,,,,,,,,,,,,,,,,,,,,,,
,,,,,,,,,,,,,,,,,,,,,,,,,
,,,,,,,,,,,,,,,,,,,,,,,,,
,,,,,,,,,,,,,,,,,,,,,,,,,
,,,,,,,,,,,,,,,,,,,,,,,,,
,,,,,,,,,,,,,,,,,,,,,,,,,
,,,,,,,,,,,,,,,,,,,,,,,,,
,,,,,,,,,,,,,,,,,,,,,,,,,
,,,,,,,,,,,,,,,,,,,,,,,,,
,,,,,,,,,,,,,,,,,,,,,,,,,
,,,,,,,,,,,,,,,,,,,,,,,,,
,,,,,,,,,,,,,,,,,,,,,,,,,
,,,,,,,,,,,,,,,,,,,,,,,,,
,,,,,,,,,,,,,,,,,,,,,,,,,
,,,,,,,,,,,,,,,,,,,,,,,,,
,,,,,,,,,,,,,,,,,,,,,,,,,
,,,,,,,,,,,,,,,,,,,,,,,,,
,,,,,,,,,,,,,,,,,,,,,,,,,
,,,,,,,,,,,,,,,,,,,,,,,,,
,,,,,,,,,,,,,,,,,,,,,,,,,
,,,,,,,,,,,,,,,,,,,,,,,,,
,,,,,,,,,,,,,,,,,,,,,,,,,
,,,,,,,,,,,,,,,,,,,,,,,,,
,,,,,,,,,,,,,,,,,,,,,,,,,
,,,,,,,,,,,,,,,,,,,,,,,,,
,,,,,,,,,,,,,,,,,,,,,,,,,
,,,,,,,,,,,,,,,,,,,,,,,,,
,,,,,,,,,,,,,,,,,,,,,,,,,
,,,,,,,,,,,,,,,,,,,,,,,,,
,,,,,,,,,,,,,,,,,,,,,,,,,
,,,,,,,,,,,,,,,,,,,,,,,,,
,,,,,,,,,,,,,,,,,,,,,,,,,
,,,,,,,,,,,,,,,,,,,,,,,,,
,,,,,,,,,,,,,,,,,,,,,,,,,
,,,,,,,,,,,,,,,,,,,,,,,,,
,,,,,,,,,,,,,,,,,,,,,,,,,
,,,,,,,,,,,,,,,,,,,,,,,,,
,,,,,,,,,,,,,,,,,,,,,,,,,
,,,,,,,,,,,,,,,,,,,,,,,,,
,,,,,,,,,,,,,,,,,,,,,,,,,
,,,,,,,,,,,,,,,,,,,,,,,,,
,,,,,,,,,,,,,,,,,,,,,,,,,
,,,,,,,,,,,,,,,,,,,,,,,,,
,,,,,,,,,,,,,,,,,,,,,,,,,
,,,,,,,,,,,,,,,,,,,,,,,,,
,,,,,,,,,,,,,,,,,,,,,,,,,
,,,,,,,,,,,,,,,,,,,,,,,,,
,,,,,,,,,,,,,,,,,,,,,,,,,
,,,,,,,,,,,,,,,,,,,,,,,,,
,,,,,,,,,,,,,,,,,,,,,,,,,
,,,,,,,,,,,,,,,,,,,,,,,,,
,,,,,,,,,,,,,,,,,,,,,,,,,
,,,,,,,,,,,,,,,,,,,,,,,,,
,,,,,,,,,,,,,,,,,,,,,,,,,
,,,,,,,,,,,,,,,,,,,,,,,,,
,,,,,,,,,,,,,,,,,,,,,,,,,
,,,,,,,,,,,,,,,,,,,,,,,,,
,,,,,,,,,,,,,,,,,,,,,,,,,
,,,,,,,,,,,,,,,,,,,,,,,,,
,,,,,,,,,,,,,,,,,,,,,,,,,
,,,,,,,,,,,,,,,,,,,,,,,,,
,,,,,,,,,,,,,,,,,,,,,,,,,
,,,,,,,,,,,,,,,,,,,,,,,,,
,,,,,,,,,,,,,,,,,,,,,,,,,
,,,,,,,,,,,,,,,,,,,,,,,,,
,,,,,,,,,,,,,,,,,,,,,,,,,
,,,,,,,,,,,,,,,,,,,,,,,,,
,,,,,,,,,,,,,,,,,,,,,,,,,
,,,,,,,,,,,,,,,,,,,,,,,,,
,,,,,,,,,,,,,,,,,,,,,,,,,
,,,,,,,,,,,,,,,,,,,,,,,,,
,,,,,,,,,,,,,,,,,,,,,,,,,
,,,,,,,,,,,,,,,,,,,,,,,,,
,,,,,,,,,,,,,,,,,,,,,,,,,
,,,,,,,,,,,,,,,,,,,,,,,,,
,,,,,,,,,,,,,,,,,,,,,,,,,
,,,,,,,,,,,,,,,,,,,,,,,,,
,,,,,,,,,,,,,,,,,,,,,,,,,